date,precipitation,wind_direction_400hPa,wind_speed_400hPa,cloud_cover_400hPa,temperature_400hPa,wind_speed_50hPa,wind_speed_30hPa,wind_speed_70hPa,wind_speed_100hPa,wind_speed_150hPa,wind_speed_200hPa,wind_speed_250hPa,wind_speed_300hPa,wind_speed_1000hPa,wind_speed_975hPa,wind_speed_950hPa,wind_speed_925hPa,wind_speed_900hPa,wind_speed_850hPa,wind_speed_800hPa,wind_speed_700hPa,wind_speed_600hPa,wind_speed_500hPa,wind_direction_30hPa,wind_direction_50hPa,wind_direction_70hPa,wind_direction_100hPa,wind_direction_150hPa,wind_direction_250hPa,wind_direction_300hPa,wind_direction_200hPa,wind_direction_600hPa,wind_direction_500hPa,wind_direction_700hPa,wind_direction_800hPa,wind_direction_850hPa,wind_direction_900hPa,wind_direction_925hPa,wind_direction_950hPa,wind_direction_975hPa,wind_direction_1000hPa
2025-09-27 00:00:00+00:00,0.0,259.31512,64.722176,0.0,-23.863636,32.753624,24.02998,72.08994,88.588936,126.57013,137.45631,94.70882,88.77567,5.771239,25.271687,33.481075,37.112545,39.846672,43.992977,45.609753,54.796734,65.68425,64.62198,267.13766,261.57312,267.13766,241.69934,238.57048,247.6593,260.66507,236.03242,256.30994,254.93146,260.21765,257.33493,256.82745,266.3862,274.35098,280.6603,278.48886,266.42374
2025-09-27 01:00:00+00:00,0.0,255.00487,69.568954,0.0,-24.181818,28.244644,25.455843,70.891464,89.67942,123.09215,133.69637,105.87917,94.526184,6.638072,27.729456,37.661953,41.26582,43.167046,45.093204,48.06766,60.373035,68.51754,65.20981,278.13,257.73523,267.08923,245.49261,240.18593,252.18102,261.97284,241.59485,258.28757,257.24246,255.10648,251.18802,255.96373,272.7791,280.10498,282.46494,280.85635,282.5288
2025-09-27 02:00:00+00:00,0.0,253.14153,82.756516,0.0,-24.5,26.832815,24.02998,69.610344,84.69144,117.53263,132.37039,109.20658,101.00693,7.342588,32.160892,42.51726,45.231274,45.279015,47.28054,52.20153,62.947224,71.163,69.0704,267.13766,259.69522,270.98773,249.25385,243.95824,257.94922,260.42584,247.61981,261.40417,262.01077,257.4712,253.30067,259.44824,273.17978,279.21094,280.49142,273.9908,258.6901
2025-09-27 03:00:00+00:00,0.0,253.0724,86.549866,0.0,-24.5,28.523674,26.508865,66.17432,87.665726,116.887634,128.27097,110.63453,103.79133,10.538843,36.23265,45.940742,45.424023,43.286633,43.768192,47.023926,63.68953,69.31405,72.48834,264.80566,247.75093,274.15958,250.82089,250.82089,257.4712,259.3397,250.88693,262.53952,263.34567,257.04724,261.43918,268.2101,279.46225,286.9909,290.72565,286.75583,277.8532
2025-09-27 04:00:00+00:00,0.0,254.67844,90.828186,0.0,-23.863636,25.427544,27.833792,62.814014,89.935974,115.25623,127.56176,116.78903,107.1231,10.829959,34.88831,43.974266,44.36996,44.178158,49.22363,55.38275,64.8019,69.31888,79.78871,262.5687,250.70985,276.58185,251.3232,255.52966,260.53775,260.32672,258.05585,258.42484,257.84506,253.30067,263.26004,271.06088,282.58768,292.3802,297.24164,294.64673,285.4222
2025-09-27 05:00:00+00:00,0.0,260.53775,87.59178,0.0,-23.227274,27.390509,30.215227,57.21119,85.40258,114.849464,126.38796,112.05712,106.92802,9.659814,32.395874,40.028507,41.52963,44.09677,54.73099,62.649815,70.87014,73.65909,81.89945,263.15732,241.1893,279.65982,252.838,259.15973,260.13425,260.9606,257.94327,257.81635,259.01938,252.67581,261.74066,272.3859,289.9832,301.53473,307.53488,305.15424,296.56497
2025-09-27 06:00:00+00:00,0.0,265.10098,84.30801,0.0,-22.909092,30.594118,32.422215,57.662468,87.27886,117.207504,132.13629,110.13882,106.37443,9.511088,30.069874,36.279873,38.042545,41.059544,55.409737,63.444855,72.64986,76.54701,81.12213,267.87894,221.82008,282.01144,251.56496,259.3804,258.6901,258.94363,256.34235,259.53088,262.34946,253.11313,263.21112,275.6636,293.4287,303.35403,309.8055,307.43866,299.4758
2025-09-27 07:00:00+00:00,0.0,264.4471,86.80737,0.0,-22.909092,31.952465,32.59939,57.21119,86.906845,116.99231,134.19626,116.25764,108.96237,7.9036193,27.386044,34.558014,36.443874,40.811268,54.074455,61.532505,70.30252,79.498474,79.64421,276.3401,235.71307,279.65982,252.3155,259.95804,258.6901,258.56635,257.08218,261.11942,263.9459,256.2091,268.13742,282.1622,296.8278,307.3759,311.36694,307.80658,300.06848
2025-09-27 08:00:00+00:00,0.0,264.66794,90.39114,0.0,-22.909092,37.947334,31.407007,54.477882,88.515755,115.60553,134.19626,119.56723,111.08916,6.830519,27.419054,32.59438,35.36463,39.35774,50.958572,59.171352,69.79654,81.92447,79.93297,276.58185,235.30478,277.59454,254.26793,260.43997,259.59235,259.41843,257.08218,261.38443,262.23492,260.78903,274.36148,285.0305,299.29126,303.87085,307.27826,303.9063,288.43503
2025-09-27 09:00:00+00:00,0.0,265.36462,89.09141,0.0,-23.227274,37.56594,28.244644,54.01333,84.72544,115.41229,131.26157,119.56723,109.69339,6.12,25.197231,31.278284,34.149696,35.696938,47.735123,55.700085,65.98021,81.49846,82.03121,282.26477,243.43501,271.273,254.38895,261.02747,259.59235,259.91946,255.70964,263.6599,264.1227,265.68405,281.91513,290.68417,309.28937,313.09085,306.44452,295.42682,270.0
2025-09-27 10:00:00+00:00,0.0,264.66794,90.39114,0.0,-22.909092,34.152596,27.70415,54.21291,80.04998,114.90587,128.07997,119.78981,109.69339,6.87779,27.15896,31.364397,32.73952,34.409706,44.765045,53.853966,63.979218,79.570015,80.54315,274.96964,251.56496,275.0795,257.00537,262.80084,259.0278,259.91946,257.00537,265.8725,266.58347,267.7761,282.875,292.12637,306.5912,312.5104,305.45557,285.94547,263.9911
2025-09-27 11:00:00+00:00,0.0,266.98727,91.32623,0.0,-22.909092,38.568382,26.508865,51.544155,78.61603,111.49672,123.5534,118.96958,108.955765,7.9932976,30.590672,32.722847,32.49149,31.0784,41.44832,51.877254,62.072067,76.130486,80.435814,264.80566,264.64426,282.09473,257.66092,261.95718,261.29785,262.40546,258.79922,268.15244,268.29022,270.5729,280.55176,284.6474,297.25525,301.32864,297.47433,282.6804,262.23492
2025-09-27 12:00:00+00:00,0.0,270.72522,94.807594,0.0,-22.59091,33.792305,28.01428,56.552982,72.8055,110.14536,123.32591,116.09651,106.90781,10.464798,28.863136,30.34454,28.907768,28.935242,40.931564,50.311523,58.978584,72.836555,80.40895,260.13425,263.88458,287.2816,261.46933,262.48795,262.8751,267.4267,259.34616,268.7127,269.14493,271.20602,280.30478,281.5601,284.2373,291.2093,293.2946,284.21588,273.9451
2025-09-27 13:00:00+00:00,0.0,275.12808,93.976166,0.0,-22.59091,33.190357,27.833792,56.18256,69.44466,106.746056,122.37646,119.35628,103.2279,11.27553,21.8326,27.752436,28.837723,30.446112,40.893497,48.74679,56.486164,70.36839,81.679375,262.5687,257.4712,289.9832,260.04944,261.5967,260.15894,268.66782,258.6901,269.3338,272.52606,270.62958,280.04196,284.19113,288.43503,292.98874,292.98874,289.9832,286.6993
2025-09-27 14:00:00+00:00,0.0,279.5829,93.70763,0.0,-22.59091,30.594114,31.498571,54.26601,64.95537,103.57606,123.5534,117.28733,104.46205,11.384199,18.645388,22.57143,27.200697,30.474874,39.690067,47.320713,55.25532,68.727264,82.162766,252.25523,258.6901,288.03436,258.2749,259.9921,262.94778,268.02512,258.79922,270.0,276.70975,268.7127,276.67438,282.60016,290.92456,293.53235,292.16638,289.88525,288.43503
2025-09-27 15:00:00+00:00,0.0,276.08844,90.510544,0.0,-22.272728,28.849957,29.221909,48.950584,66.79161,105.36109,120.341515,111.70317,103.20697,11.503113,18.295013,19.84414,22.9309,29.935354,41.025314,46.824135,55.297142,67.90909,79.77969,250.82089,253.0724,281.3099,252.21602,255.4889,267.53723,269.3338,260.81952,270.0,276.91113,267.4267,276.74548,282.18365,290.46234,291.61484,290.55612,290.28265,290.13638
2025-09-27 16:00:00+00:00,0.0,273.094,88.92963,0.0,-22.272728,31.15381,27.36421,43.34974,67.935265,107.472046,120.023994,108.166534,99.6,11.726277,18.404987,19.953327,21.375278,27.144823,42.220196,45.83121,54.652416,67.11086,78.58855,254.74483,254.3577,274.76355,252.52513,253.7909,266.82022,270.0,258.4654,271.39716,277.01642,268.04755,276.89233,283.7363,289.8322,289.79895,288.08353,287.7005,287.87878
2025-09-27 17:00:00+00:00,0.0,271.54813,88.83242,0.0,-21.954546,32.59939,32.19938,46.938255,71.889915,108.96237,117.92404,103.31156,96.00749,11.720751,17.926155,19.439814,20.200027,22.437363,39.810223,43.28972,53.37931,64.71917,77.136765,243.43501,263.6599,265.60138,255.49979,253.36111,267.33704,269.28384,257.66092,272.8985,275.35574,270.0,276.63242,285.94547,284.03625,282.65256,282.65256,282.01144,280.6196
2025-09-27 18:00:00+00:00,0.0,273.17978,86.533226,0.0,-21.636364,31.15381,31.15381,47.04551,70.84067,107.81317,115.25623,100.18382,90.0,11.659777,18.153738,19.66589,20.434942,21.344732,37.057373,41.24621,52.758617,63.08495,74.487045,254.3577,254.3577,264.14407,259.26114,253.17851,263.8115,270.0,255.52966,272.97366,272.77014,270.0,276.2634,286.42938,281.3099,280.20392,280.20392,279.46225,278.88058
2025-09-27 19:00:00+00:00,0.0,271.73566,79.23636,0.0,-21.318182,36.437344,33.01636,52.099903,68.72554,103.24185,115.87924,99.07815,86.60808,12.24,19.029564,20.906813,21.724394,22.620148,34.500744,39.70201,51.520977,60.567562,69.610344,250.90642,252.75845,262.0566,257.90524,250.30128,258.8262,266.0276,248.74942,271.54813,269.01227,270.69025,275.7823,282.20044,272.12103,271.06088,271.06088,271.1233,270.0
2025-09-27 20:00:00+00:00,0.0,268.12216,73.239334,0.0,-21.318182,34.131508,38.136597,52.922585,64.039986,104.3103,123.97806,97.25183,83.84557,10.799999,18.295013,20.519781,21.724394,23.456806,33.872055,38.052593,50.89655,57.27857,67.46732,245.85446,259.8754,266.09958,257.00537,246.97447,254.24875,260.9422,244.17906,269.18155,264.89792,270.0,273.01273,280.85635,272.04535,271.06088,271.0809,272.33725,270.0
2025-09-27 21:00:00+00:00,0.0,261.72418,66.69453,0.0,-21.318182,33.190357,33.792305,55.199997,64.94428,104.68237,141.72707,105.27222,82.34659,9.422101,18.046091,20.262587,21.902405,24.455254,32.889145,36.00347,48.449585,54.006195,64.00624,253.49556,257.4712,270.0,253.9091,244.90378,245.77226,251.30092,244.95383,270.86804,263.5413,272.20255,270.79572,273.9724,263.11838,262.61404,263.41815,262.8751,263.41815
2025-09-27 22:00:00+00:00,0.0,251.89615,65.64999,0.0,-21.636364,30.357864,32.95087,49.214634,61.85532,109.54231,154.73952,133.03232,87.13851,5.8048253,17.176834,20.262587,22.955582,25.613678,32.367264,34.51449,44.086445,49.15223,62.36537,259.50858,251.56496,271.39716,251.91646,245.40022,248.2945,247.3194,246.21796,267.13766,258.9063,271.6135,268.33975,271.6135,258.6901,258.887,263.41815,267.5105,262.8751
2025-09-27 23:00:00+00:00,0.0,244.85524,64.955376,0.0,-21.954546,31.15381,32.422215,48.05996,63.32772,111.877075,164.78494,139.49452,99.42635,6.2145634,16.04579,19.738142,23.540176,26.507954,32.3833,34.13209,40.387775,43.740215,58.517685,267.87894,254.3577,272.86234,242.94948,247.28555,248.29005,246.52899,244.55464,262.47626,254.53873,267.3575,264.95764,267.58054,254.4274,253.11313,258.6901,268.66782,259.9921
2025-09-28 00:00:00+00:00,0.0,233.74606,66.963875,0.0,-22.272728,24.02998,30.095846,46.36723,62.26138,112.780846,177.17787,135.98177,117.43458,4.379589,13.928571,18.073732,22.543087,28.1245,32.405735,30.536861,37.344685,41.791393,52.058426,265.42615,267.13766,280.4374,242.44728,249.44386,246.60222,248.41597,241.69934,246.94867,244.02565,254.57777,267.1845,266.77554,255.3432,254.47583,260.13425,277.69595,260.53775
2025-09-28 01:00:00+00:00,0.0,228.62158,67.16785,0.0,-22.272728,20.957098,29.418362,45.930378,65.50725,112.36512,177.74992,126.65544,123.80953,3.219938,10.452256,16.712543,23.405767,31.24148,35.585175,30.907118,39.083736,43.556175,50.25694,258.23172,256.75946,289.85532,241.55716,250.0168,242.94948,236.46393,241.35876,241.99092,236.68936,249.55037,260.69012,260.4171,252.0505,250.9422,256.60748,267.95465,243.43501
2025-09-28 02:00:00+00:00,0.0,227.07004,70.47382,0.0,-22.59091,20.957098,30.594114,39.88985,67.637856,114.761665,177.74992,130.89354,126.96204,4.3349743,6.9392614,13.876219,21.454605,29.768059,39.147457,33.73425,37.816254,44.76135,53.044884,258.6901,246.3706,285.7087,244.7989,248.53227,238.49579,233.45494,241.35876,239.21593,232.35231,246.80139,258.0239,257.90524,244.15567,239.589,239.85869,233.74606,175.23645
2025-09-28 03:00:00+00:00,0.0,226.43204,67.90346,0.0,-23.545456,25.959969,30.357864,39.087593,65.07719,113.31584,181.92569,141.82861,120.92047,5.771239,8.61269,12.890964,19.160051,26.358799,42.55822,39.04484,38.960327,48.335087,59.61476,251.56496,236.3099,287.87878,247.21756,245.60628,237.7891,229.83049,239.0363,236.0409,229.89915,239.34941,260.4171,257.00537,237.31944,230.9645,221.34767,197.65022,176.42374
2025-09-28 04:00:00+00:00,0.0,221.26851,78.23043,11.808289,-23.227274,30.664637,29.418362,41.65573,63.972496,122.052444,180.89775,174.74323,126.96204,6.130579,15.579317,16.174902,20.212036,26.054565,41.655716,42.643875,41.14381,51.285053,67.16785,258.23172,239.42085,281.6336,246.80139,239.90584,239.91359,233.45494,238.84074,236.05637,228.62158,236.07016,265.29224,259.91946,223.69812,211.15924,201.03758,196.69933,183.3664
2025-09-28 05:00:00+00:00,0.0,218.65984,92.20499,29.28933,-22.59091,31.703627,28.523672,42.068512,66.68373,121.85761,198.71144,183.44307,144.51906,5.4119864,19.254946,21.378119,25.799515,30.336565,47.656757,47.523674,43.55897,53.181816,68.8616,255.37909,240.5242,266.72958,239.74365,237.87503,234.85437,234.46223,237.07767,233.13002,228.5324,237.21573,268.19128,276.0376,230.59937,210.96368,211.67543,215.53777,183.814
2025-09-28 06:00:00+00:00,0.0,222.15779,119.78981,42.26497,-20.363636,32.643528,31.292171,43.366344,74.089676,117.87518,206.05437,176.38367,145.79382,7.2359104,26.714632,29.03226,30.81495,31.06148,41.946335,52.00961,48.59647,53.030552,61.117596,265.60138,252.89719,255.5792,245.09525,234.53004,230.24438,235.39426,235.19925,231.89238,226.5911,241.79846,271.10168,268.13235,232.66673,215.97247,216.86998,215.90982,185.7105
2025-09-28 07:00:00+00:00,0.0,224.9999,120.49098,21.826405,-20.363636,35.79944,31.407007,46.8,74.87269,118.32024,205.4805,180.89775,149.37952,6.849467,30.647491,33.934505,32.70244,31.115025,37.135746,53.033005,51.666584,57.272724,61.94836,263.41815,256.42953,247.3801,248.36905,233.24623,227.41954,226.30188,234.26775,233.13002,224.21527,241.27977,261.87,255.7932,222.27362,211.93065,212.42105,211.56175,183.01273
2025-09-28 08:00:00+00:00,0.0,232.43134,118.08878,37.639027,-20.681818,35.53702,28.523672,53.126263,76.893684,120.723816,209.53662,188.99142,150.50316,7.5599995,36.040085,42.11001,40.16308,38.84687,41.347996,46.222286,56.349594,56.288292,67.90346,255.37909,258.31067,251.56496,247.0362,232.6744,229.63554,217.87505,233.85191,237.46495,223.56796,243.15279,254.30994,238.06158,217.11694,209.38892,209.15681,205.76927,180.0
2025-09-28 09:00:00+00:00,0.0,234.53004,117.87518,8.712906,-21.0,33.190357,26.966646,54.64943,75.68566,124.15796,206.64055,204.21869,161.54158,7.5599995,37.708294,46.612625,45.741695,46.810776,46.972084,46.327633,55.91032,62.310867,68.64168,249.14546,257.4712,250.76923,244.65387,237.2315,229.28925,221.38602,233.2631,240.06857,233.53067,247.13545,251.7605,239.70364,218.09972,214.24908,212.10623,205.80447,180.0
2025-09-28 10:00:00+00:00,0.0,237.80429,114.862,0.0,-21.954546,29.024128,28.01428,60.76315,77.29528,116.899956,205.97047,209.58815,172.27,8.647496,38.718933,51.784233,53.02483,54.544037,50.68276,48.541214,56.096058,64.00671,67.5633,260.13425,262.8751,260.9098,242.24155,238.43108,225.23196,224.15341,231.86148,237.52882,250.27763,245.13632,245.01878,236.73856,221.88908,215.73987,211.55133,205.08356,182.3859
2025-09-28 11:00:00+00:00,0.0,240.08644,101.063934,0.0,-22.909092,28.8,28.09128,60.191692,79.45414,119.81987,199.2795,211.77536,195.16884,10.823973,42.74719,55.565586,57.22768,55.650803,48.16172,48.324425,59.17747,69.89112,74.83421,250.0168,270.0,265.42615,244.98314,240.61108,221.09421,225.49815,229.88527,242.8351,254.18074,245.85446,241.57889,237.3625,224.39058,218.72272,211.03215,200.96579,183.814
2025-09-28 12:00:00+00:00,0.0,242.24155,103.06037,0.0,-23.545456,22.925968,30.357864,60.107903,82.136475,121.916695,191.74858,208.27866,196.1587,13.450708,40.049366,52.650852,56.315716,55.80174,51.5964,51.587303,56.24695,76.279816,80.828705,251.56496,263.9911,266.56644,244.93256,241.1646,221.49637,227.23119,230.3322,247.28555,251.83395,247.96371,236.46393,234.34457,229.25894,224.9999,216.02747,205.37152,195.52417
2025-09-28 13:00:00+00:00,0.0,247.5838,103.84681,0.0,-23.545456,21.264053,32.643528,58.848957,81.14874,126.37088,186.52571,209.42664,198.3633,16.1198,35.550198,50.722973,56.60657,56.43871,50.491875,50.084927,60.45912,74.41857,82.39029,252.89719,253.61038,267.66275,246.46764,239.7828,220.35196,229.66194,229.95851,255.35258,257.38068,250.82089,238.05528,233.44028,229.81361,225.8636,218.18182,208.1785,203.70265
2025-09-28 14:00:00+00:00,0.0,256.12244,105.06683,0.0,-23.545456,21.466253,35.313454,56.451042,83.35466,129.87192,165.04254,184.1482,171.48247,17.072504,34.541534,49.238956,56.066654,56.66645,55.596798,55.88604,62.1248,79.17785,88.25508,260.21765,243.43501,267.56342,247.1263,243.67177,224.20804,230.9645,229.12769,256.25092,258.23172,248.30482,236.3099,232.6604,228.8938,222.96497,216.68982,207.67198,204.94388
2025-09-28 15:00:00+00:00,0.0,259.21576,102.61228,0.0,-23.227274,23.299786,35.53702,55.4083,87.13851,127.72532,149.28308,155.9492,119.57324,18.25026,34.88831,47.27021,55.84691,58.607635,59.515038,59.640587,72.410835,83.15723,96.747086,258.31067,235.49141,265.03033,247.3194,243.19429,230.30737,238.54323,233.49846,256.92087,262.8751,255.60637,235.24402,232.77905,224.9999,218.27315,211.60745,204.64676,202.01134
2025-09-28 16:00:00+00:00,0.0,261.50153,105.55908,0.0,-22.909092,26.345398,31.771685,56.71825,86.533226,126.14276,135.1266,128.6241,104.123764,19.161337,36.8723,41.583637,51.8945,58.312386,60.070713,64.206696,76.22614,88.74538,102.11288,259.1145,239.9315,263.92764,250.55988,244.65387,239.12799,242.54909,236.59215,257.7577,267.30576,260.15424,236.43365,232.08684,224.70918,217.7582,208.9509,207.08347,205.60214
2025-09-28 17:00:00+00:00,0.0,259.9921,103.57606,0.0,-22.909092,28.447845,30.381575,57.712387,83.87133,122.5881,132.9457,118.67872,103.06037,20.808498,39.03039,43.0531,45.543186,50.966724,64.099464,70.66292,80.72068,93.37673,102.06351,260.9098,242.35411,266.42374,250.78723,246.94867,245.5081,242.24155,239.0363,261.94098,272.02133,257.56677,243.97894,234.84105,222.33694,215.65541,213.26144,211.71509,210.11365
2025-09-28 18:00:00+00:00,0.0,257.90524,103.08831,0.0,-22.59091,30.758411,33.941124,59.999996,81.608826,118.417564,133.8094,113.31584,104.11685,21.407139,43.005234,48.44899,51.199265,55.44734,67.44457,74.001686,77.96019,92.45816,103.54129,261.87,249.44386,270.0,250.23274,250.46326,245.60628,244.02565,240.44641,269.49298,274.65326,260.83774,247.76721,239.1027,228.36655,225.63652,224.67633,223.94568,222.27362
2025-09-28 19:00:00+00:00,0.0,258.5507,96.72476,0.0,-23.227274,28.849957,34.98571,58.99559,83.570335,113.105965,128.3327,113.92418,112.53159,19.134262,42.196686,51.489697,56.720783,60.331364,64.2273,63.767155,67.44986,88.39772,99.129005,275.90604,253.0724,274.66678,254.16754,252.71841,246.40517,248.08507,241.51791,268.4089,276.95285,255.06853,245.44452,254.78047,267.6141,269.18735,269.1385,267.4665,265.68405
2025-09-28 20:00:00+00:00,0.0,256.5348,87.608215,0.0,-23.227274,29.197258,33.941124,57.91165,80.04998,116.20809,124.04193,110.4326,107.18358,19.45333,41.842297,49.235916,52.747974,55.262154,59.878548,64.36808,75.167534,87.640976,91.83725,278.13,260.53775,275.94678,257.00537,253.81071,250.97429,248.31764,245.41844,272.67535,276.75348,267.6338,252.83174,259.03217,270.86804,272.62234,273.1548,273.0664,272.12103
2025-09-28 21:00:00+00:00,0.0,260.40692,86.408325,0.0,-23.545456,30.095846,36.96701,55.4083,73.68038,120.693985,115.36239,103.68027,88.50763,16.700275,41.1548,49.002544,52.9057,54.52315,58.58488,61.70291,70.761345,83.77878,90.39114,283.13403,265.42615,274.96964,253.92636,252.64589,253.87234,257.4712,251.18802,275.04236,275.33206,270.50256,274.6479,275.35574,277.9434,278.74606,279.09018,278.86453,277.4313
2025-09-28 22:00:00+00:00,0.0,264.36942,85.61308,0.0,-23.863636,31.407007,38.773186,54.119865,73.2,116.12131,102.19746,97.26664,83.225,16.965895,44.367126,51.196384,52.790897,53.24677,56.412537,60.016663,72.599464,80.78069,86.533226,291.80148,263.41815,273.814,259.6112,251.93944,267.87894,264.2073,254.33177,276.98096,273.17978,277.36795,280.56094,279.7666,286.44046,289.1253,290.3533,289.6539,287.2816
2025-09-28 23:00:00+00:00,0.0,266.0276,86.60808,0.0,-23.863636,31.292171,33.01636,52.099903,76.546455,117.63673,98.44389,94.92144,86.43333,16.055353,45.115223,50.78055,52.662018,54.18788,59.256275,62.032246,69.41186,79.70451,87.608215,289.09357,265.60138,277.9434,260.98074,251.56496,272.8985,268.4089,260.8822,275.30084,270.78482,282.91782,290.77234,290.2467,290.81516,292.4516,293.82947,293.38525,289.6539
2025-09-29 00:00:00+00:00,0.0,266.8637,87.73141,0.0,-23.545456,26.4,33.277016,51.822773,75.676155,113.245926,104.57227,93.87651,90.07197,17.76081,44.583046,49.861916,54.14651,59.542004,63.426956,61.719116,66.99423,82.89517,88.8081,295.64096,270.0,275.31445,255.30264,254.63832,274.39862,272.29056,266.71082,274.52875,269.2258,283.39252,295.94223,298.77463,297.64587,296.94568,295.76926,294.20587,287.7005
2025-09-29 01:00:00+00:00,0.0,283.42184,108.565186,0.0,-23.227274,38.865925,28.523672,52.718117,88.775665,139.6802,109.6737,103.84681,92.21279,7.754637,37.14494,44.374535,45.94111,46.51788,47.044975,50.328915,72.73466,80.48597,85.03082,284.6209,278.88058,281.82147,283.28488,278.89578,292.4162,288.19925,287.8403,287.14563,278.9305,297.43964,310.97162,315.0001,312.44705,310.38358,308.26956,303.5305,291.80148
2025-09-29 02:00:00+00:00,0.0,285.76724,105.98793,0.0,-23.545456,36.96701,24.475292,54.424995,82.47763,135.30232,115.05615,101.710175,95.63932,6.830519,38.912548,44.135826,42.971382,45.02676,52.317814,46.327633,68.02147,81.51078,87.59178,281.3099,283.13403,284.03625,278.36578,276.62067,289.29013,287.52567,286.3559,289.34442,279.46225,297.7341,313.6882,322.43134,317.2605,313.1035,307.87503,302.47116,288.43503
2025-09-29 03:00:00+00:00,0.0,286.38962,106.32027,0.0,-23.863636,35.313454,24.738634,54.424995,85.03082,128.85341,118.40541,103.35337,97.19259,7.342588,33.626904,37.22978,37.442406,41.78085,49.05459,46.717236,66.06483,82.29135,89.94398,284.03625,279.78235,284.03625,278.9305,274.80786,285.48856,290.22495,287.7005,287.3541,283.10922,296.8057,312.3974,324.8335,322.32632,320.6673,314.15756,303.6901,281.3099
2025-09-29 04:00:00+00:00,0.0,287.00803,106.665085,0.0,-23.545456,37.25802,21.599998,53.66563,86.84054,117.4407,126.14276,107.78645,96.627945,7.072878,28.285988,32.287212,35.81921,41.803913,47.150795,46.66904,68.56302,84.177345,92.55571,270.0,284.93146,280.30478,281.15463,277.63324,281.5601,284.38144,295.34613,285.79248,283.49576,296.333,315.0001,325.23474,325.1959,325.0606,322.3057,311.25693,284.74362
2025-09-29 05:00:00+00:00,0.0,286.6389,108.96237,0.0,-23.545456,37.219353,23.299786,52.279247,93.19914,115.87924,137.45631,115.87924,102.528046,6.638072,23.83481,31.80089,40.217422,45.017033,46.579193,45.27692,69.39521,85.65937,93.723,258.11136,290.77234,279.24603,281.88864,285.61945,285.61945,286.31393,303.96756,287.2235,283.32455,296.56497,316.7899,329.42084,329.8587,329.33115,328.43823,320.07965,282.5288
2025-09-29 06:00:00+00:00,0.0,285.76724,105.98793,0.0,-23.545456,37.66165,28.849957,51.725426,95.548935,120.383385,143.13742,136.44164,109.909775,6.130579,19.87032,28.353354,36.711483,41.854183,44.392387,46.157337,71.06557,85.14202,94.30504,253.0724,292.47946,273.99084,281.59213,293.49857,309.28937,280.69644,304.75598,289.6539,284.7436,295.8936,309.72604,324.18875,329.33115,327.52884,321.09586,309.66782,273.3664
2025-09-29 07:00:00+00:00,0.0,290.04535,94.52618,0.0,-23.863636,33.01636,31.2,48.373543,94.30504,128.79752,152.47557,149.5818,118.85453,5.506941,19.124403,25.448488,31.733225,37.050648,43.019264,51.61395,76.33473,84.37196,95.774734,270.0,289.09357,277.1249,284.7436,296.56497,311.74796,305.13428,305.06598,289.8408,285.25516,296.56497,305.53775,306.38446,302.07397,300.46545,296.17523,290.55612,258.6901
2025-09-29 08:00:00+00:00,0.0,293.11423,106.988594,0.0,-22.909092,31.703627,33.6,51.822773,92.99032,134.16408,152.29129,155.18556,138.30748,7.072878,23.691322,37.394432,41.809185,44.017227,47.785133,55.068134,78.86423,84.77959,92.594604,270.0,299.4758,275.31445,287.2659,296.56497,309.3517,308.65982,300.80884,292.1095,288.90466,298.1785,302.39136,304.90256,302.17862,300.01828,297.09546,277.23682,255.2564
2025-09-29 09:00:00+00:00,0.0,295.37772,103.5969,0.0,-21.954546,29.295732,38.568382,53.288647,91.46016,143.07704,147.58047,143.44894,140.48203,10.30883,29.119963,41.18899,46.410618,48.34294,52.057182,60.46693,79.94376,82.83055,89.357704,264.64426,304.9921,277.76508,289.14822,292.69382,304.08893,304.9119,296.56497,293.27292,292.08722,301.34515,299.74478,299.93143,299.00632,296.78705,291.5015,272.20255,245.22488
2025-09-29 10:00:00+00:00,0.0,294.82053,105.77031,0.0,-22.272728,28.999308,36.31859,54.477882,88.246925,141.54404,147.32657,141.84892,138.72331,11.770403,32.160892,43.12265,48.60219,49.618336,55.50522,67.05595,79.53551,81.004135,91.58602,277.59454,294.44394,277.59454,292.3802,288.28143,299.38406,300.11365,293.01477,293.1986,291.52267,304.18616,300.96368,299.51138,297.64587,294.44394,286.1574,266.00916,246.57129
2025-09-29 11:00:00+00:00,0.0,295.46332,111.64515,0.0,-22.59091,29.999998,34.55083,53.288647,88.067245,137.08391,151.30472,142.23923,135.32361,14.587776,38.453835,45.67906,51.63821,53.38645,60.02749,72.6722,75.747025,80.917305,95.375465,290.3232,286.26028,277.76508,289.9165,283.67133,295.48407,298.61035,291.88583,294.49188,291.39987,303.29944,302.9247,300.06848,298.57452,295.36734,286.74582,272.2239,254.24875
2025-09-29 12:00:00+00:00,0.0,295.2328,115.41231,0.0,-22.272728,29.68636,28.523672,55.4083,91.49164,145.44278,149.90396,151.1095,136.87366,16.808569,41.24094,47.889053,53.64217,55.206635,63.330288,71.151245,72.52513,81.004135,99.317665,284.6209,284.03625,274.96964,286.7713,280.93906,292.8999,297.68826,289.16028,293.1986,295.01685,299.1974,304.69522,302.6609,301.0382,298.67892,290.3393,275.7105,260.13425
2025-09-29 13:00:00+00:00,0.0,293.7284,119.28386,0.0,-21.954546,28.8,28.244644,51.822773,96.627945,156.29971,153.13524,153.69841,142.81512,19.493261,31.788748,46.005928,51.59903,54.221825,62.720745,68.92206,71.65942,82.079575,101.43372,282.26477,270.0,275.31445,284.38144,277.9434,287.72772,294.84235,285.45206,293.49857,295.9587,294.56717,303.4595,305.53775,304.30353,300.96368,292.24908,274.03763,265.76367
2025-09-29 14:00:00+00:00,0.0,291.90323,125.455956,0.0,-21.318182,30.023989,27.833792,50.755882,94.006805,160.61182,158.04051,158.66342,143.965,21.626984,28.747183,37.753353,49.29138,51.69386,61.058186,66.546974,70.90547,82.74564,100.91422,277.4313,267.70944,276.78888,284.03625,276.43463,282.6698,291.0033,283.6142,294.53772,295.34613,293.1986,300.22537,302.50397,301.75943,297.19226,285.46127,272.23114,267.13766
2025-09-29 15:00:00+00:00,0.0,292.70288,127.477066,0.0,-21.318182,26.644323,32.422215,55.06941,98.14356,167.52791,169.9176,159.0894,149.5144,22.751316,30.032824,32.268646,37.269157,50.4171,58.69289,64.25146,71.80979,85.23632,105.19012,267.87894,262.23492,281.3099,281.9969,275.34296,281.3099,288.7259,280.99246,291.39294,297.1496,292.35324,299.35767,301.34515,299.33176,288.2395,280.36627,276.4187,274.5377
2025-09-29 16:00:00+00:00,0.0,292.6594,133.93848,0.0,-21.0,23.299786,36.019993,56.48929,100.25568,168.83792,178.1707,162.58119,153.79207,23.803596,31.073658,33.13015,33.460503,36.457073,56.6623,64.140465,74.00536,90.111496,109.48972,271.90912,258.11136,282.26477,281.0409,275.7105,278.48886,286.31393,280.47736,290.7388,297.4075,292.69382,300.96368,301.51688,285.31287,279.68872,276.70975,274.82068,273.46817
2025-09-29 17:00:00+00:00,0.0,292.73602,136.61566,0.0,-21.318182,24.475292,35.53702,57.022102,104.19981,168.19275,180.40353,168.35106,158.9264,24.522316,33.335934,35.53076,36.30376,36.370453,48.31454,69.06699,75.49484,90.40446,112.82553,281.68933,281.3099,278.47107,284.67642,277.37845,277.78348,284.87573,277.64493,291.22372,293.83875,291.714,302.88477,295.1148,281.95654,279.56662,277.51205,275.1363,273.3664
2025-09-29 18:00:00+00:00,0.0,291.51596,134.14798,0.0,-21.636364,29.418362,32.753624,61.703804,104.02,170.06165,183.40775,172.9541,162.9881,23.0653,35.227722,37.8841,39.14716,40.063763,42.565536,70.917206,80.54629,91.167625,110.97243,278.42688,281.76825,283.49576,286.76263,278.9305,277.17422,283.627,276.0089,291.03757,291.57138,294.5901,301.44864,285.52417,280.84027,279.46225,277.63324,275.469,272.68372
2025-09-29 19:00:00+00:00,0.0,289.4116,133.59401,0.0,-21.954546,31.2,35.53702,62.997143,99.88873,173.23279,185.36018,175.64737,165.3215,19.917469,33.872265,37.994686,41.132298,42.873775,45.40527,65.74191,84.53237,95.727264,110.97243,281.68933,292.6199,287.74475,286.04,280.3758,277.8532,283.43103,274.4555,292.6199,291.57138,299.95352,296.17523,280.40765,279.55423,279.00168,278.79047,277.59454,276.22574
2025-09-29 20:00:00+00:00,0.0,288.27274,133.9546,0.0,-21.954546,33.190357,34.98571,68.6941,96.784294,177.55135,185.27083,175.33556,164.03171,18.0,32.337826,37.967075,41.27562,44.46874,51.767166,63.043636,82.23142,100.28987,115.661575,275.90604,282.5288,297.01257,289.55835,279.33493,277.07626,281.3921,274.08554,295.10156,292.5742,298.88647,291.88583,279.62808,284.16708,285.25516,286.5874,286.76263,286.26028
2025-09-29 21:00:00+00:00,0.0,290.1999,135.53625,0.0,-22.272728,36.810867,33.47118,64.62197,94.068054,177.86736,184.07388,176.52649,166.4889,18.455048,34.638096,39.96669,43.265934,46.472652,52.28009,61.059395,78.61469,98.81048,115.44973,284.5345,289.0257,301.32864,293.2946,277.36465,277.0283,283.3351,274.11215,295.5041,290.69553,298.79086,297.824,284.6419,287.29254,290.11972,291.59537,292.14523,290.55612
2025-09-29 22:00:00+00:00,0.0,290.1999,135.53625,0.0,-22.59091,40.817642,31.2,60.727585,92.493454,178.1909,183.91736,179.21426,166.76978,12.313893,36.992886,41.332443,43.695713,46.495274,52.23837,58.568333,77.47688,97.4461,115.03112,292.6199,294.30453,299.60434,292.9058,278.13,277.69595,283.7363,273.3664,293.76712,290.13638,298.2074,301.38315,293.658,290.55612,291.6056,292.00073,291.90875,285.25516
2025-09-29 23:00:00+00:00,0.0,291.89825,131.91815,0.0,-23.227274,41.4478,31.703627,60.644535,96.067474,175.81125,186.38669,180.40353,160.57149,14.587776,44.047592,45.883625,46.59328,46.054123,46.972084,51.88689,75.79787,97.55252,115.44973,299.4758,292.1095,297.072,290.47235,280.6196,277.64493,286.9454,273.6913,292.69382,290.69553,297.824,302.00534,300.29636,297.0308,297.2286,297.64587,297.21603,285.75125
2025-09-30 00:00:00+00:00,0.0,293.12656,125.26644,0.0,-23.227274,44.931946,27.911287,59.975998,98.81619,174.85857,188.78177,185.01027,148.84839,15.192682,44.047592,44.480774,43.29958,41.323296,42.311092,49.929947,74.1224,98.11701,116.31956,295.46332,304.1145,289.88525,294.38635,281.07855,277.07883,286.38962,273.6444,294.64163,291.80148,297.42328,302.7352,311.06973,309.6569,305.1665,301.47678,297.21603,283.70697
2025-09-30 01:00:00+00:00,0.0,296.3069,119.1389,0.0,-23.227274,45.946053,26.644323,59.975998,98.81619,175.58588,191.10541,182.48286,144.24977,11.983188,36.82698,39.165703,39.823254,38.867165,40.002754,50.52227,71.40359,96.93296,113.90522,305.83774,310.76352,289.88525,294.38635,282.23148,279.46225,286.92758,273.23962,291.80148,290.34418,294.1142,308.5713,317.77026,318.93027,315.81836,312.99747,309.6569,302.7352
2025-09-30 02:00:00+00:00,0.0,295.51382,117.010765,0.0,-23.227274,38.64298,25.51235,59.27562,98.75059,180.036,191.7636,179.57149,137.14168,7.7879906,26.400208,29.607212,30.974674,31.648281,37.12456,48.337353,72.29102,98.75626,113.49361,311.18582,295.76926,291.3707,295.94223,281.53458,280.78424,285.73886,275.7462,291.88962,289.77615,293.2632,309.1226,318.48337,322.52374,322.38596,318.1799,312.70938,303.6901
2025-09-30 03:00:00+00:00,0.0,295.2328,115.41231,0.0,-23.227274,41.4478,23.17585,57.512436,97.84968,175.33557,191.88747,172.88332,137.08391,6.618519,21.381733,23.849688,28.353971,31.948612,37.57767,46.22769,72.28303,102.71359,111.9607,291.25058,292.1095,293.3556,293.10635,281.84824,283.65045,283.67133,276.1027,292.47946,287.46402,290.6137,308.8534,320.90613,328.39255,328.3393,324.24603,317.1211,315.0001
2025-09-30 04:00:00+00:00,0.0,294.08743,111.72896,0.0,-23.227274,41.86263,26.832815,59.975998,95.64684,175.49974,195.87587,172.88332,135.63716,11.542478,24.647182,23.485643,21.227167,22.217615,30.258366,46.82414,73.02539,101.64571,111.96071,280.30478,297.2995,289.88525,293.67053,283.84622,283.65045,283.29858,277.03784,292.22968,289.40607,289.35907,300.12424,307.04254,317.29062,332.9495,351.4693,2.6025116,3.5762644
2025-09-30 05:00:00+00:00,0.0,290.99292,110.53687,0.0,-23.227274,44.416214,31.407007,62.30762,92.36103,173.17043,197.53763,169.99388,136.80525,12.43434,29.697304,26.958172,18.260742,17.848469,30.81598,48.75448,77.335045,101.523796,110.8296,276.58185,308.4181,285.6423,294.56717,284.03625,283.05524,283.18298,278.03156,293.25925,289.61218,288.7259,295.51382,293.53235,309.28937,352.40543,21.037588,26.886866,22.109503
2025-09-30 06:00:00+00:00,0.0,290.77234,111.65804,0.0,-23.863636,48.373547,35.678562,64.62198,92.493454,174.0786,201.10295,166.1946,144.08998,11.659777,35.204014,34.178696,23.360794,16.496422,31.479338,47.647133,76.57409,100.13289,109.69995,289.6539,313.995,285.06854,292.9058,285.18588,284.6383,282.99463,277.88824,292.5839,289.82254,286.96622,298.1785,292.1095,324.2932,2.9608781,13.091906,12.858095,8.8805895
2025-09-30 07:00:00+00:00,0.0,290.99292,110.53687,0.0,-23.863636,45.851936,39.889847,65.64999,93.39979,170.80516,200.78764,163.02785,144.39944,10.239453,30.538311,30.19355,22.814184,15.824141,35.053078,48.127434,77.16798,99.979004,108.98881,291.16132,317.1211,288.10385,290.29764,287.162,285.36615,285.4222,277.20987,291.10492,290.62997,286.83176,299.22797,296.23187,322.52374,9.13011,22.61991,25.312849,10.124612
2025-09-30 08:00:00+00:00,0.0,288.83853,107.773094,0.0,-23.545456,42.426407,41.32602,64.955376,96.067474,167.3688,200.08357,160.37405,148.51425,8.905908,28.533375,28.770433,22.930899,14.621232,30.886656,47.44734,76.99054,99.51594,108.7441,295.82092,315.0001,295.14474,290.47235,287.52567,283.41238,285.94547,278.27582,291.714,292.0363,286.38962,298.99585,291.6445,336.3706,15.255177,23.805958,25.559923,14.036275
2025-09-30 09:00:00+00:00,0.0,285.59286,107.143265,0.0,-23.545456,42.460335,42.561954,65.50725,96.49373,161.37657,194.71455,159.20703,148.18907,8.654986,26.201777,26.846777,23.036491,16.044083,27.097643,46.529556,77.335045,99.21614,108.09329,291.5015,317.29062,298.4428,291.1399,286.41367,283.51254,285.49933,279.57834,291.27502,292.86453,288.7259,298.21725,289.6539,344.87595,12.094739,24.71742,28.02442,16.927603
2025-09-30 10:00:00+00:00,0.0,288.06055,116.12131,0.0,-24.5,40.870525,39.308014,63.2367,97.91588,158.9264,194.91782,161.82213,152.55582,8.905908,25.526478,26.888603,24.612022,19.063753,24.64554,43.83206,77.15798,99.821526,107.632706,301.26367,310.2363,303.38855,289.32327,284.87573,283.7271,287.86496,279.92618,292.1503,292.27594,289.74692,295.6881,289.44012,351.15826,11.3098955,22.873707,26.939459,14.036275
2025-09-30 11:00:00+00:00,0.0,289.34442,119.54916,0.0,-24.818182,39.362923,36.634407,63.2367,99.60722,158.62257,195.51532,163.27498,144.24977,9.6932955,24.860826,26.096756,24.466974,20.443169,25.31063,42.03867,77.806854,98.945885,105.41575,301.60745,307.56866,303.38855,291.92963,284.4568,284.03625,286.92758,278.8263,293.38525,292.77042,291.03757,296.86972,293.33405,349.3804,9.462261,20.854538,25.795975,15.068549
2025-09-30 12:00:00+00:00,0.0,291.90875,118.99378,0.0,-25.136364,38.287334,34.11041,63.2367,103.39516,158.62257,197.53763,166.4889,143.10219,9.565437,23.561733,25.84288,24.618595,21.117764,25.31063,39.588505,76.87787,98.86128,106.52324,309.28937,302.1957,303.38855,291.80148,284.4568,283.3351,287.06747,278.03156,294.44394,292.5206,291.80148,297.85956,293.33405,346.2392,4.685815,16.534922,23.317738,19.798973
2025-09-30 13:00:00+00:00,0.0,291.91492,112.53159,0.0,-25.454546,34.613293,28.899828,61.948368,103.6525,158.32727,200.08357,155.15308,143.90497,12.181625,23.240583,27.795599,26.95272,23.698345,26.086369,41.50301,77.588684,98.30787,107.18358,318.36655,303.6901,301.53473,290.3232,284.03625,282.9614,286.4705,278.27582,292.50986,291.68234,293.07825,301.20044,297.01257,342.52515,0.8550762,12.875007,18.725883,18.970512
2025-09-30 14:00:00+00:00,0.0,290.85452,107.866585,0.0,-25.772728,35.455887,24.70951,60.14383,107.773094,159.78485,193.64668,150.86153,139.30858,14.241629,18.09615,22.337866,24.565964,23.635412,29.143188,44.34241,75.82073,98.945885,106.74605,330.9455,293.9625,298.61035,288.83853,284.34937,281.93558,287.03024,277.47723,293.38525,291.08383,294.67685,299.74478,296.96564,337.06787,357.1845,8.97255,14.322761,16.144413
2025-09-30 15:00:00+00:00,0.0,291.21805,109.417366,0.0,-25.772728,37.947334,16.321764,58.517685,108.166534,162.11107,187.54199,153.71715,143.24301,14.759999,18.667767,19.389648,19.856705,19.607506,29.788034,48.301136,73.572014,97.23979,107.18358,287.1028,304.69522,298.1415,289.44012,284.13913,282.62582,285.54987,277.3523,292.24908,291.68234,295.48407,297.09546,299.3099,343.8865,353.01904,356.56644,357.70944,360.0
2025-09-30 16:00:00+00:00,0.0,291.80145,109.85737,0.0,-25.772728,40.8,16.009996,59.68718,109.69995,162.19543,186.20117,156.98,141.60509,15.03835,18.007488,18.131674,18.078196,17.601316,27.177988,48.97448,72.17101,95.727264,106.06941,282.99463,298.0724,300.17343,289.82254,285.88724,281.9112,286.74582,277.03333,292.6199,291.92184,296.56497,297.3498,304.75598,334.65387,339.14545,343.8865,346.82742,348.95908
2025-09-30 17:00:00+00:00,0.0,292.3802,110.308655,0.0,-25.772728,41.378258,22.831558,59.275627,110.11267,162.11107,184.85063,155.32469,136.25682,14.039999,17.85225,18.197668,18.419535,18.58906,21.911358,48.324425,70.796715,92.714836,104.07535,273.01273,286.85846,301.75943,290.40997,284.13913,281.13626,289.5521,279.33994,293.39777,290.94272,297.68826,298.4211,315.0001,324.16226,328.39255,330.70874,333.97046,337.3801
2025-09-30 18:00:00+00:00,0.0,291.80145,109.85737,0.0,-25.772728,44.253815,27.833792,60.57326,110.04726,161.87106,182.28943,169.1021,128.8031,14.8257065,19.258558,20.295837,20.920067,21.658491,22.565014,43.732136,67.4727,89.06163,105.906364,277.4313,282.5288,303.6901,288.43503,285.4787,283.54318,291.30585,279.09018,293.26773,289.87225,297.97937,300.96368,313.36346,318.91833,322.02835,325.09744,328.46524,330.9455
2025-09-30 19:00:00+00:00,0.0,292.6199,109.19999,0.0,-25.454546,48.536995,31.56707,63.156944,110.45868,164.50507,185.0492,160.7149,128.6465,12.783802,17.537647,19.168133,20.78039,22.031492,24.267694,33.61547,68.44775,87.14693,103.97846,278.74606,278.53067,308.82983,287.05704,285.65842,285.59286,287.928,279.70657,294.3994,288.85324,300.51816,300.37906,304.28693,308.82983,312.64667,316.63654,321.91116,327.6526
2025-09-30 20:00:00+00:00,0.0,293.70264,107.46534,0.0,-24.818182,53.26162,33.190357,60.53759,113.56972,167.97427,181.1046,158.40454,124.47651,12.682018,18.007488,19.715353,21.078014,22.35913,25.408894,31.088581,71.00049,89.66466,103.24185,282.5288,284.34937,309.3693,285.94547,285.32697,285.82623,289.13373,279.15018,295.39587,289.6987,301.0496,297.80136,302.55,308.15726,311.90585,316.5911,320.0425,325.40765
2025-09-30 21:00:00+00:00,0.0,293.9625,106.36766,0.0,-24.5,55.822575,34.944527,54.0,119.951996,168.22269,174.99028,160.3965,123.98968,9.793058,18.080761,20.428297,22.214132,23.535112,27.341772,34.928497,69.29799,91.11254,104.95714,285.94547,295.46332,306.86996,289.88525,284.03625,285.17996,284.57425,279.07468,296.1048,292.16638,300.69965,293.6294,306.86996,321.49933,328.3246,332.9495,338.19852,342.8972
2025-09-30 22:00:00+00:00,0.0,294.55045,106.86066,0.0,-24.5,58.9101,34.383713,50.471375,118.67872,167.65678,176.52649,158.9264,130.09903,10.587917,22.98467,22.920576,22.254152,21.067919,26.197577,37.576584,67.76612,89.28308,104.3103,299.24872,303.36636,298.3929,294.49188,283.24054,284.87573,284.4208,277.0283,296.09537,293.0255,298.4428,295.20108,310.0607,339.04413,353.77426,4.84392,13.134034,17.818983
2025-09-30 23:00:00+00:00,0.0,293.89517,103.68722,0.0,-24.818182,56.105614,35.047394,48.86225,119.717674,169.68016,177.71753,153.4593,135.6637,11.841756,32.695206,34.178696,32.083096,25.956861,22.25459,37.366425,67.18374,90.37854,104.785484,308.0471,311.53168,294.67685,298.10617,284.33112,282.1886,285.38852,276.98096,296.333,293.6294,297.5119,294.5074,312.5104,0.9240338,7.926835,13.091906,16.574087,19.536749
2025-10-01 00:00:00+00:00,0.0,293.55228,102.10583,0.0,-24.818182,56.41276,33.190357,43.366344,122.65855,168.51778,178.39282,149.73576,142.75461,13.53236,35.440414,32.960106,28.38819,28.514318,21.649166,34.003677,67.17514,92.94199,106.279625,319.39877,321.91116,284.4208,300.57913,284.4321,279.68872,286.60706,275.4037,296.11386,295.40768,296.32822,287.1028,319.26797,3.3664,20.74617,33.50346,36.86999,28.610369
2025-10-01 01:00:00+00:00,0.0,291.55713,104.510284,0.0,-25.136364,60.29925,30.96837,42.273396,118.551254,164.18526,181.68015,147.98486,148.51425,13.479583,38.323322,35.15768,25.439548,21.771465,27.189447,35.046394,65.36424,91.84796,106.279625,324.46225,328.84076,276.5197,301.75943,285.25516,278.39285,285.94547,274.1664,295.88022,295.40768,300.2172,284.03625,309.55963,1.101687,18.435053,28.257944,31.059345,34.114517
2025-10-01 02:00:00+00:00,0.0,288.83853,107.773094,0.0,-25.454546,59.578518,27.36421,46.36723,109.10105,164.4394,184.36702,147.98486,148.7274,10.966713,33.22093,35.866558,32.816032,27.627905,28.035501,34.96069,61.673565,91.49379,107.953316,322.12497,332.4028,280.4374,299.66663,283.93484,278.39285,284.48477,275.2281,295.41925,294.28583,298.88647,286.62082,315.65845,360.0,11.3098955,18.23949,24.550436,23.198618
2025-10-01 03:00:00+00:00,0.0,287.46402,111.9607,0.0,-25.454546,60.644535,24.0,52.976974,97.69504,165.9865,187.11536,154.09605,149.68767,7.9526596,30.298105,37.789055,40.351967,38.52072,26.066458,35.259747,61.62357,91.49379,110.145355,323.13,332.928,283.0919,297.824,285.94547,278.5086,282.03058,276.25894,295.41925,293.77234,296.3069,288.1781,323.53067,1.2453395,4.5738406,6.4697237,9.926182,354.80566
2025-10-01 04:00:00+00:00,0.0,288.98773,118.0217,0.0,-25.772728,53.66563,21.36539,58.443817,98.81619,163.57455,183.97217,161.22034,153.37952,13.009903,36.142273,35.41248,32.198875,30.325008,27.097643,36.96282,61.901146,92.295105,111.877075,308.15726,333.43503,289.1791,294.38635,287.50458,278.13,284.03625,277.49576,294.06564,292.71445,296.8219,293.09686,317.72638,6.3401003,12.99463,15.859444,11.3098955,345.5792
2025-10-01 05:00:00+00:00,0.0,289.53674,118.417564,0.0,-26.09091,48.373543,24.621943,64.955376,97.58442,159.2387,184.72986,164.97708,153.37952,13.138765,36.647034,36.395332,32.71975,31.531794,29.028957,37.121418,63.60479,94.0482,114.094696,313.0251,336.61475,295.14474,286.42938,285.29303,280.9012,284.03625,276.3401,291.43124,292.24908,298.56573,297.25525,317.54483,5.3320737,20.88589,23.838743,22.126389,350.53775
2025-10-01 06:00:00+00:00,0.0,288.61578,120.29364,0.0,-26.409092,37.044838,22.925968,66.68373,102.61228,163.34993,182.78247,157.91287,148.51425,11.609651,34.758423,36.53095,32.563618,28.021507,27.436543,35.777084,64.82864,96.81549,117.23207,312.8789,335.09525,300.25635,280.78424,285.772,281.3953,285.94547,277.54483,290.27277,292.8906,300.4933,296.56497,318.36655,13.828678,17.98743,15.361673,12.395404,352.87506
2025-10-01 07:00:00+00:00,0.0,287.57993,127.137726,0.0,-26.409092,30.96837,24.70951,66.91009,108.512115,162.40837,179.82791,160.99689,151.49019,13.363711,42.288937,41.608852,36.605556,28.35718,26.839693,36.786545,64.89992,100.662964,120.383385,330.9455,324.46225,302.55,280.19144,284.54968,280.30478,286.5689,276.129,289.46597,293.49857,303.6901,301.09723,319.82083,8.488864,12.050767,12.355352,11.706416,355.36462
2025-10-01 08:00:00+00:00,0.0,288.43503,132.81566,0.0,-26.409092,22.925968,19.971981,67.5633,110.48475,164.4394,178.39282,163.35876,156.59424,18.391735,43.91627,45.42412,40.255627,32.718178,28.065113,34.05877,65.80482,104.52893,127.94499,327.26477,317.1211,303.40784,278.74606,283.93484,280.1542,283.2908,275.4037,288.7187,293.1986,305.78906,310.2363,327.6002,356.33228,2.2905633,4.398633,6.3401003,3.3664
2025-10-01 09:00:00+00:00,0.0,288.59552,135.4725,0.0,-26.727274,19.386593,17.839281,67.68043,113.6711,166.76978,181.87029,172.05254,161.44348,20.240196,41.79737,43.36175,39.184338,35.6429,30.371387,32.718494,65.92471,104.02176,130.20415,312.27362,291.80148,307.07315,280.954,283.7363,280.44775,281.14285,274.92053,289.29013,289.93808,307.73312,321.20343,332.2816,347.10626,354.69916,358.977,358.4657,354.89792
2025-10-01 10:00:00+00:00,0.0,287.81897,141.17223,0.0,-27.363636,22.417849,13.994284,63.2367,116.887634,164.27295,182.71945,182.15509,170.64066,20.721119,43.647667,43.75735,39.418987,35.701843,33.175182,36.704903,63.41978,99.12163,135.85992,300.96368,285.52417,303.38855,289.1791,281.8024,281.0138,282.17917,273.3885,289.78116,289.0752,310.23627,335.87903,344.05453,355.29224,360.0,1.5207464,360.0,352.01077
2025-10-01 11:00:00+00:00,0.0,286.83176,149.19142,0.0,-27.681818,26.318054,13.994284,61.24704,116.57307,166.14258,177.70131,184.07388,182.38815,22.862125,44.40005,45.305214,42.636868,38.95048,36.558083,42.201893,57.51017,92.69678,144.24979,300.96368,294.22772,304.62424,290.4871,278.3056,280.13773,281.38382,271.93488,290.6745,289.94247,313.6882,346.293,355.71094,358.15244,360.0,1.4687687,359.03717,352.76315
2025-10-01 12:00:00+00:00,0.0,285.40778,158.08148,0.0,-27.681818,27.911287,14.449914,56.2466,118.67872,164.75435,177.70131,191.80865,188.59862,23.177402,36.217285,47.77,45.941105,43.11831,40.26663,41.593266,51.908356,80.9049,148.18906,311.63345,295.46332,303.6901,294.49188,280.49142,280.81778,279.5222,271.93488,298.37915,291.3707,318.8786,350.31128,354.80566,0.5562418,3.5136862,4.647894,357.63867,353.75818
2025-10-01 13:00:00+00:00,0.0,282.7867,173.50273,0.0,-28.0,32.310986,13.682105,56.920994,110.11267,160.25279,172.10693,193.28941,196.30914,26.727423,35.51103,37.5803,38.6229,45.635586,44.716312,41.80012,47.69627,67.64736,138.16164,285.25516,301.32864,304.69522,290.40997,290.60635,282.91464,280.21082,265.60138,302.15228,287.176,325.069,353.1301,357.07935,1.0511572,358.80652,357.63867,356.38617,355.36462
2025-10-01 14:00:00+00:00,0.0,279.46225,182.48286,0.0,-27.681818,22.126907,14.598629,56.41276,108.166534,147.99458,178.18282,171.81384,209.12389,27.381308,36.5672,38.32454,38.616615,38.09302,44.695408,42.04759,41.11571,61.53793,120.747665,260.53775,310.60123,308.08884,289.44012,288.43503,282.09473,276.92102,265.36462,305.80344,280.30478,331.11353,357.27374,2.3372545,360.0,359.4032,359.4213,358.83087,357.73953
2025-10-01 15:00:00+00:00,0.0,278.02713,189.05237,0.0,-27.363636,15.3674965,17.717789,47.63864,107.39162,140.86589,171.6,158.47272,212.48471,28.802248,37.307568,38.32454,38.61452,37.255814,38.302883,40.5,37.00268,52.18435,104.73738,241.69934,308.65982,319.0857,288.23257,283.7995,271.73566,278.7707,270.0,311.18582,288.01987,337.30615,360.0,2.0453732,360.0,360.0,0.5787131,0.57293475,0.71615016
2025-10-01 16:00:00+00:00,0.0,276.11542,168.96153,0.0,-28.954546,18.667618,19.386593,31.952465,107.02224,141.48299,160.05049,156.6632,199.85313,26.282465,35.815414,39.485767,41.02793,41.862556,43.12774,38.55191,34.78632,43.984406,82.7304,248.19853,315.0001,325.71307,287.62238,282.73965,264.7262,280.02783,274.29977,316.5074,293.9625,344.47583,2.9736779,6.6743836,0.57293475,360.0,359.4383,359.4032,359.21518
2025-10-01 17:00:00+00:00,0.0,277.8916,122.358826,0.0,-31.5,27.1529,24.1197,24.621943,99.04908,134.46962,154.84186,157.65735,191.16568,24.693481,34.523396,38.804405,41.849796,43.961456,47.431824,38.73306,33.88306,37.671917,56.2466,264.2895,315.0001,316.9749,289.0936,283.4162,265.63483,279.7579,271.33218,325.6196,303.6901,351.57312,11.16485,8.285721,1.0911958,358.34772,355.9959,353.79663,352.46063
2025-10-01 18:00:00+00:00,0.0,284.5603,95.46601,0.0,-33.409092,32.422215,32.59939,25.681122,96.0075,128.08559,145.79877,140.72781,163.94829,24.387177,35.63622,39.96294,43.45809,46.900536,51.03187,42.898132,33.522987,35.24835,47.789536,276.3401,321.009,307.40543,288.2086,285.2081,266.0885,278.84174,275.19434,338.19852,308.8845,1.0608971,21.181417,10.808191,1.5343112,358.40887,356.11215,353.9911,351.51114
2025-10-01 19:00:00+00:00,0.0,296.56497,72.4486,0.0,-34.68182,36.96701,34.944527,28.624464,94.49571,119.66954,136.63673,127.20565,140.28198,25.153671,37.491764,42.28047,45.8618,49.857903,54.821976,46.154633,35.204647,34.606285,39.74519,285.94547,324.24603,303.02386,287.74475,285.7087,269.4595,280.34863,277.0625,353.21112,331.11353,9.13011,22.954124,13.4587,2.4059253,358.99493,356.32556,354.2895,350.94217
2025-10-01 20:00:00+00:00,0.0,317.4896,58.603752,0.0,-35.636364,41.982853,37.56594,36.27892,93.79211,110.45868,126.09139,112.37793,113.23956,26.576681,40.058052,45.33166,49.07427,52.407562,58.40205,49.962486,38.11055,37.858036,40.958515,296.56497,329.03632,304.21576,286.34824,287.05704,276.74548,282.8581,278.20712,6.20336,354.95764,16.073652,22.972757,16.313925,3.205153,0.46962133,357.553,355.19214,351.43094
2025-10-01 21:00:00+00:00,0.0,337.9637,54.37205,0.0,-36.272728,45.107872,37.947334,42.273396,91.49164,102.08466,114.629845,99.2524,89.558914,28.266306,42.58736,48.001564,52.34616,55.14947,61.10068,52.59515,41.265354,41.47786,46.36723,304.69522,331.38962,304.59235,286.7713,287.79608,284.70834,287.9495,280.25113,14.858671,10.437421,21.161337,24.128399,18.70531,6.0999646,2.6424956,359.53793,356.98727,353.41815
2025-10-01 22:00:00+00:00,0.0,347.90527,51.544155,0.0,-36.590908,45.615788,34.88266,46.320618,87.665726,96.38921,102.84357,86.93997,70.84066,29.914679,44.7684,50.76284,56.593708,59.76525,62.197105,53.66563,45.07164,45.02231,48.625916,310.81497,333.43503,306.57312,289.1791,288.88617,290.18588,296.13095,281.441,19.093594,15.75124,22.680603,26.564985,21.489677,11.3098955,5.7105074,2.6223466,0.47744873,357.24094
2025-10-01 23:00:00+00:00,0.0,352.50424,45.993042,0.0,-36.909092,45.694637,30.594118,50.24261,82.25034,93.39979,88.775665,75.13188,57.92408,31.698402,46.75284,54.118843,61.499817,65.15457,62.19043,53.955997,48.17847,47.405144,47.81966,318.1799,336.8014,310.1559,293.1986,290.29764,296.56497,309.9575,283.28488,21.25058,17.525654,21.938543,29.41551,24.687162,16.80511,9.031003,6.159073,4.118117,1.952469
2025-10-02 00:00:00+00:00,0.0,4.5139127,45.741886,0.0,-36.909092,43.680656,25.681122,53.517845,76.74373,87.797035,77.81516,63.90493,50.471375,32.88635,47.752754,55.747314,64.005875,68.17217,61.974686,53.955997,50.291183,49.848694,50.142197,322.59457,339.0754,312.27362,296.96564,291.65604,304.28693,331.6071,287.03784,23.198618,21.037588,24.034292,32.51191,28.072395,21.997461,13.075595,9.593073,7.1804457,5.023991
2025-10-02 01:00:00+00:00,0.0,24.443953,57.998615,0.0,-36.590908,40.23133,20.64558,54.332306,70.59631,78.95416,68.72554,53.46401,51.725426,32.283787,46.48865,55.30203,62.854225,66.658104,60.81453,54.1133,50.35243,51.597374,57.961365,324.46225,342.6459,313.2101,301.79886,294.22772,315.90927,356.00916,294.77512,27.377628,27.095472,30.358036,35.59932,32.14189,27.691422,19.826567,13.35536,9.235486,7.0456862
2025-10-02 02:00:00+00:00,0.0,37.875053,82.09263,0.0,-36.272728,35.79944,14.647866,52.63611,65.287056,70.31017,63.90493,47.228806,62.30762,30.903435,43.75117,53.739574,60.479824,63.042747,59.240505,53.72383,49.922123,54.03098,67.5633,325.0079,346.42953,313.1524,306.02747,297.43964,332.78397,15.642312,304.28693,32.005356,33.407852,38.437344,38.576557,36.86999,33.901142,28.610369,18.043507,11.3098955,8.035626
2025-10-02 03:00:00+00:00,0.0,42.08909,100.25568,0.0,-35.954548,32.019993,10.32279,51.76717,59.61476,61.948368,59.39697,48.373543,81.042206,29.427662,42.001644,52.764576,58.822598,60.08398,57.88059,53.907322,50.489964,55.834538,76.58407,324.46225,347.00537,314.06088,310.10083,301.53473,352.87506,27.323807,315.0001,34.854527,35.4334,43.505726,40.485935,40.209805,39.345566,35.537766,22.425905,12.308005,7.7335134
2025-10-02 04:00:00+00:00,0.0,40.462154,107.25073,0.0,-35.636364,27.704151,10.32279,50.911686,55.21304,57.612495,54.96471,59.39697,112.17272,28.856194,42.6543,52.10875,56.97692,58.12427,56.200478,53.202442,50.06469,58.590046,81.89066,324.46225,342.34976,315.0001,312.3574,305.67648,8.130019,34.54016,323.88055,35.909817,34.854527,42.990456,40.425995,41.054714,41.49638,38.407166,26.945673,11.604741,3.5762644
2025-10-02 05:00:00+00:00,0.0,35.095905,108.53202,0.0,-35.0,24.70951,12.354755,49.214634,51.76717,54.411762,49.911922,74.83421,147.13585,28.820242,43.978027,51.716187,54.652122,55.44734,54.271866,52.24222,50.226025,60.87624,84.869774,330.9455,330.9455,315.0001,314.06088,311.42358,15.819268,37.711117,332.81897,36.253937,33.465405,39.98684,39.173653,40.9143,41.63345,38.725685,30.595932,10.261325,357.85245
2025-10-02 06:00:00+00:00,0.0,31.607454,109.90323,0.0,-34.363636,23.81932,13.994284,48.373547,49.243885,52.60874,47.81966,90.733,168.29546,28.623962,45.75236,51.332306,52.39096,53.397938,52.744743,52.00961,51.3937,63.34439,88.91344,329.03632,319.0857,316.00497,313.0251,315.0001,20.112684,38.34083,342.47433,35.537766,31.75944,37.14678,37.97166,39.742153,41.185837,38.453735,32.371765,9.385449,353.50073
2025-10-02 07:00:00+00:00,0.0,30.963696,111.95427,0.0,-33.409092,25.455843,12.979984,46.738422,48.551826,51.822773,48.729454,103.39516,163.92633,28.001427,47.348854,50.656464,51.085377,51.989613,51.881367,52.90085,54.993237,65.82169,94.25922,326.3099,315.0001,318.12222,309.98682,317.8156,21.801476,36.366676,350.07382,34.8754,31.464104,36.740658,36.545067,38.58124,40.10085,37.321125,30.287876,9.981766,351.87
2025-10-02 08:00:00+00:00,0.0,32.005356,113.20777,0.0,-32.454548,28.01428,11.320777,45.946053,49.68058,51.933804,51.725426,114.761665,145.517,27.343414,48.72644,50.03142,50.31953,51.583572,51.76717,53.82378,59.7186,67.170685,100.234116,327.99466,316.73566,319.23648,307.14676,319.68597,21.467726,31.855091,356.00916,34.07725,31.787212,37.82282,35.16653,36.76911,38.078938,34.579353,26.168493,11.481962,350.9098
2025-10-02 09:00:00+00:00,0.0,31.487421,112.57637,0.0,-31.5,29.710604,10.32279,43.48241,49.94076,52.32055,56.412766,121.6684,130.44722,26.6327,49.60957,49.81682,49.330753,50.413624,51.07051,54.776817,63.106155,68.30716,102.28197,324.46225,316.63654,320.59937,305.21768,323.39282,22.01134,27.979382,1.218852,34.26116,31.078976,39.011856,33.835163,34.82457,35.537766,32.005356,22.380184,12.154927,350.66507
2025-10-02 10:00:00+00:00,0.0,27.962143,110.04726,0.0,-30.863638,30.594118,9.372299,40.10586,47.789536,53.933292,62.814014,123.06291,121.29502,26.27753,49.897682,49.97298,48.602192,49.253242,50.817787,55.47071,64.6382,68.576126,96.157364,320.1945,318.1799,321.07245,308.8845,327.72437,23.565413,25.804485,6.581848,35.776165,29.123957,41.496365,33.97659,32.549995,31.798878,28.68606,20.400303,11.645955,350.53775
2025-10-02 11:00:00+00:00,0.0,22.520613,106.52324,0.0,-30.545456,29.80738,8.653323,37.680763,46.676758,55.278206,70.84067,119.69361,114.905876,25.922499,49.316948,49.945988,47.870987,47.926117,50.417793,55.75168,65.39665,67.59786,86.41666,326.3099,319.89914,322.76508,316.04153,332.87878,25.537397,24.691547,10.738852,38.118332,25.497509,45.38449,34.40272,29.809025,27.012596,24.842371,18.996754,10.459866,350.40692
2025-10-02 12:00:00+00:00,0.0,19.476671,104.372406,0.0,-30.227274,29.048925,8.485281,35.047394,46.102493,58.616035,76.54645,117.53875,112.1663,25.509243,46.856907,47.870277,46.235985,45.95127,49.53692,54.929497,64.5547,66.83599,79.57185,315.0001,321.70978,321.9529,321.34018,337.1094,27.349789,26.016727,13.600564,39.53613,23.085169,46.948074,34.9921,27.979382,23.06155,21.431238,17.409391,9.16228,351.0695
2025-10-02 13:00:00+00:00,0.0,21.181417,102.95552,0.0,-29.909092,26.644323,9.674708,34.11041,45.615784,63.373177,78.88117,118.18629,120.84304,25.325686,41.4681,42.439648,41.467247,41.84371,48.097,53.127205,62.322926,65.806435,77.99999,299.74478,324.16226,320.7106,324.63745,341.22186,29.16752,32.427544,13.190616,38.437344,22.61991,44.999897,35.036278,27.050516,19.885252,18.083544,14.796817,8.275804,354.2895
2025-10-02 14:00:00+00:00,0.0,26.266575,103.039406,0.0,-29.59091,22.641554,13.416408,34.88266,46.938255,69.568954,80.96221,118.951416,136.44164,25.20257,34.15255,35.149155,35.60855,36.28604,46.465374,50.219513,59.382195,65.628174,80.04998,280.30478,327.99466,319.185,327.52884,345.00485,30.963696,39.289394,11.976112,35.869915,23.875284,41.185837,35.272507,26.816269,16.76264,13.722319,11.433645,6.2709923,359.18155
2025-10-02 15:00:00+00:00,0.0,29.827002,103.74275,0.0,-29.272728,19.349417,14.84318,35.678562,47.95498,73.93402,82.136475,121.85761,145.21982,25.223133,28.812466,30.009367,30.948547,32.191757,44.023647,47.434162,55.862064,64.44967,82.136475,284.03625,330.25522,317.72638,328.2986,346.86597,32.124966,42.655846,11.802407,33.084866,25.06744,36.86999,34.69522,25.769283,12.771242,8.97255,6.6665697,4.4555283,2.4539824
2025-10-02 16:00:00+00:00,0.0,31.865936,104.558495,0.0,-28.636364,17.055204,15.3674965,36.496574,50.628056,72.49827,85.571014,127.19999,138.74927,25.223133,27.25615,28.300457,29.497812,30.075508,40.031296,44.376232,51.318684,63.734207,83.181725,308.65982,320.7106,316.33215,328.5705,347.57407,31.890757,40.43997,14.620926,29.197395,26.564985,32.15227,33.511044,22.77042,8.806714,5.4772835,3.1363046,2.3532507,2.4539824
2025-10-02 17:00:00+00:00,0.0,32.07397,106.21186,0.0,-27.681818,16.670933,20.957098,39.03229,53.30216,68.72554,88.4181,132.9457,126.52462,25.199999,27.608738,28.260717,28.986021,28.992714,34.87788,41.24621,47.18874,62.57888,83.72526,336.3706,300.25635,315.0001,328.8151,347.90527,30.963696,35.348255,18.189138,25.559923,27.29949,26.564985,30.60634,17.488089,4.969664,2.385899,0.7848072,0.77420676,360.0
2025-10-02 18:00:00+00:00,0.0,32.96941,105.84517,0.0,-27.045456,17.181385,23.299786,40.729347,55.369305,66.380714,93.39979,136.4891,115.661575,24.490587,27.608738,28.260717,28.558655,28.049633,31.191063,38.470764,43.805916,62.310875,84.85281,348.11136,294.77512,315.0001,330.1012,347.4712,29.494864,30.555893,20.297659,23.198618,28.739704,20.74617,27.897186,11.802421,0.8550762,360.0,359.21518,359.2258,358.31534
2025-10-02 19:00:00+00:00,0.0,34.237514,104.510284,0.0,-26.727274,20.435263,15.646086,42.426407,57.961365,69.26817,100.98554,134.75311,110.145355,22.7057,26.13796,27.140978,27.378557,27.260773,29.39152,35.587917,42.629227,62.637684,84.39336,355.60138,310.2363,315.0001,332.90454,345.9637,28.162445,29.357658,20.15771,23.886515,29.84584,16.06006,24.044224,7.12493,356.4786,357.47394,356.72958,357.54602,357.27374
2025-10-02 20:00:00+00:00,0.0,34.439045,101.851654,0.0,-26.409092,25.314028,2.6832817,44.979992,60.191692,74.51604,109.69995,130.94855,105.38159,19.852295,24.320341,25.653742,26.256401,26.583866,28.766668,32.893764,42.48438,62.93621,83.965706,26.564985,328.5705,313.91916,336.5014,345.06854,26.09537,30.068504,19.822565,26.231878,30.963696,11.802421,19.536749,3.6328866,352.76315,354.7262,354.80566,355.60138,355.84042
2025-10-02 21:00:00+00:00,0.0,34.472282,97.525375,0.0,-26.09091,27.416782,5.3665633,46.676758,63.06568,78.62518,113.84199,125.13416,100.63558,17.015474,22.123884,24.582933,25.598051,26.435139,28.256838,31.048347,42.755558,61.847183,81.91703,153.43501,336.8014,316.04153,338.80588,344.05453,24.353003,30.846518,18.435053,27.581947,31.827414,9.188767,14.931467,0.9240338,349.04596,351.87,352.76315,354.19336,353.92764
2025-10-02 22:00:00+00:00,0.0,32.412296,89.55087,0.0,-26.09091,20.505608,0.0,48.729454,64.89992,82.09263,110.45868,117.704025,94.67079,14.154915,20.23125,24.251545,26.663027,27.719719,27.356956,29.516943,43.368397,58.5729,78.61603,270.0,339.44388,322.00122,340.55988,344.7448,23.428713,30.465475,17.057049,28.354864,31.263678,9.057818,10.738852,358.09088,345.12427,348.6901,351.74063,354.71,352.69434
2025-10-02 23:00:00+00:00,0.0,29.638298,80.07696,0.0,-26.09091,8.736132,12.528367,51.65578,65.64999,84.41042,102.7385,109.85737,87.07238,10.948973,17.968803,23.928093,28.193747,29.391888,26.528408,28.65746,44.19118,54.915787,75.17979,343.3007,344.05453,329.2646,341.89615,345.17346,21.801476,29.744795,14.198587,28.474106,28.610369,10.520736,6.0089183,355.07297,342.5972,345.9637,350.69012,355.23645,350.53775
2025-10-03 00:00:00+00:00,0.0,25.709915,71.91995,0.0,-26.09091,1.2,20.115665,52.058426,64.51046,85.881775,94.13692,100.98554,81.042206,8.209263,15.779031,22.54818,28.242483,29.543524,25.265467,27.518173,43.581074,50.495804,69.76532,342.6459,360.0,334.02567,341.56494,344.6044,20.15771,27.323807,11.023424,26.980152,26.564985,10.669744,2.0825295,352.7469,339.2538,342.5972,348.11136,353.21112,344.7448
2025-10-03 01:00:00+00:00,0.0,22.380184,66.185196,0.0,-26.09091,3.794733,19.534586,47.909912,58.616035,85.76432,86.931694,92.641235,75.79023,6.792466,13.221173,19.21888,24.50662,26.024282,22.702635,25.5049,41.433067,46.643536,63.361813,349.3804,251.56496,337.93204,337.1094,342.072,16.557161,23.317738,6.3401003,21.614847,24.623547,8.615564,358.8767,349.59235,334.25934,336.8014,341.2,343.61038,327.99466
2025-10-03 02:00:00+00:00,0.0,19.502544,61.105812,0.0,-26.409092,10.799999,16.8,42.88216,51.05291,84.00857,79.2,85.436295,72.87469,6.489992,11.492335,16.002602,19.411728,21.130207,19.344288,23.086792,37.989048,43.061554,54.833565,360.0,270.0,342.072,330.42224,338.19852,10.520736,17.241547,360.0,14.300317,23.198618,4.685815,355.03036,344.9816,326.3099,325.9806,327.84772,324.24603,303.6901
2025-10-03 03:00:00+00:00,0.0,14.036275,54.424995,0.0,-26.409092,16.009996,11.063454,37.585102,47.04551,81.573524,73.553246,78.23043,69.66204,7.5170207,11.797098,14.790948,17.074848,18.351887,17.352394,20.886597,34.76416,40.299088,47.06081,12.528798,282.99463,343.3007,322.25314,333.81195,4.398633,10.922761,354.3825,5.8262515,19.359097,1.0230169,348.9591,336.8014,315.0001,313.09085,312.8789,304.69522,286.6993
2025-10-03 04:00:00+00:00,0.0,4.398633,46.938255,0.0,-26.409092,22.029072,2.6832817,34.55083,45.851936,78.61603,68.263016,72.039986,67.46732,8.759178,14.205587,16.864275,19.079662,20.010002,16.952879,19.962463,32.281826,38.454544,40.747025,63.435013,299.35767,339.6768,317.1211,328.73633,358.09088,5.102074,349.8754,360.0,13.627024,358.89832,337.93204,323.74606,307.34943,304.69522,301.86594,293.1986,279.46225
2025-10-03 05:00:00+00:00,0.0,349.69522,40.24922,0.0,-26.409092,28.849957,11.999999,31.13069,47.517574,74.409676,64.32044,67.88225,64.799995,10.495713,17.342134,20.084318,22.700434,23.568592,18.788836,20.808651,29.23178,36.23169,34.98571,180.0,315.0001,332.44727,315.0001,322.206,351.87,360.0,345.9637,353.517,5.9060555,356.34784,324.78232,309.09384,303.40784,299.74478,297.5527,288.8248,275.90604
2025-10-03 06:00:00+00:00,0.0,334.2307,38.64298,0.0,-26.409092,34.32084,18.159294,30.96837,48.433044,71.357124,60.71573,63.156944,62.814014,11.542478,19.729742,22.521582,25.366304,26.064651,21.649164,22.627415,27.04099,35.143738,30.095846,187.59456,323.53067,324.46225,311.98712,317.72638,345.69968,353.41815,341.56494,347.90527,355.42615,350.75397,315.0001,300.34317,299.85892,297.37762,294.36243,285.3502,273.57626
2025-10-03 07:00:00+00:00,0.0,324.86572,39.61818,0.0,-26.409092,33.341866,15.035957,33.190357,48.551826,68.736015,57.512436,56.920994,59.675117,12.245294,20.27248,22.93038,25.566431,26.780884,24.863644,24.909836,26.105885,33.63513,27.704151,208.61037,329.74365,319.39877,309.98682,315.70724,341.56494,344.84586,336.6444,341.56494,342.34976,341.99573,308.48022,296.09537,294.96277,294.14554,291.80145,282.75754,268.31534
2025-10-03 08:00:00+00:00,0.0,319.574,42.561954,0.0,-26.09091,28.523674,12.237646,37.335236,49.47727,65.34217,55.369305,50.142197,58.505383,12.682018,19.82825,21.928272,24.575842,26.751423,28.183254,27.32215,26.40668,32.232624,25.314028,258.6901,337.75092,315.0001,309.09384,315.74396,338.9624,334.48618,330.1012,336.0375,328.5705,330.42224,304.5626,292.83368,290.13638,291.10492,290.6745,281.94415,263.4803
2025-10-03 09:00:00+00:00,0.0,315.0001,44.123463,0.0,-26.09091,23.57626,17.181385,39.889847,50.414284,62.814014,54.26601,45.615788,57.91165,13.493999,20.055065,22.033937,24.549496,27.427387,31.310675,29.584621,27.737257,31.867104,26.318054,294.77512,345.25638,313.7812,308.23386,316.5481,333.43503,325.9806,324.90408,330.8026,316.8476,319.53784,300.46545,291.3369,285.94547,288.13818,288.43503,279.63748,260.78903
2025-10-03 10:00:00+00:00,0.0,307.47626,45.362537,0.0,-26.09091,19.237463,19.534584,39.889847,50.414284,60.29925,56.2338,44.253815,57.160824,14.917212,22.535236,23.76787,25.968285,29.445494,33.872055,31.30495,29.896374,32.910847,29.048925,312.5104,356.42374,316.2188,308.23386,317.41956,319.39877,320.96448,320.1945,325.1246,308.2902,311.63345,296.56497,289.6539,284.8265,286.18927,286.07364,276.65433,261.67444
2025-10-03 11:00:00+00:00,0.0,300.46545,47.335396,0.0,-25.772728,15.783535,20.64558,38.268524,48.729454,56.908348,59.421207,49.2585,56.105614,16.299694,25.808428,26.199905,28.399584,31.68425,35.884445,33.154938,31.679502,35.52266,32.310986,324.46225,8.746089,318.81415,307.99878,317.5638,304.07724,318.46832,316.63654,321.54626,301.32864,304.6242,293.08514,287.74475,285.32156,285.61105,282.80426,274.14453,263.6599
2025-10-03 12:00:00+00:00,0.0,299.74478,48.373547,0.0,-25.772728,11.384199,20.957098,36.732548,48.0,56.02856,61.09402,54.21291,55.21304,18.057508,28.374413,27.940775,30.242582,34.32813,37.494686,35.114098,34.491585,37.044758,36.496574,336.3706,18.435053,321.63248,306.86996,316.73566,297.69937,317.64258,315.0001,316.7899,297.4075,300.25635,289.9832,286.23242,285.56155,283.85144,280.3758,272.26044,265.42615
2025-10-03 13:00:00+00:00,0.0,307.99878,48.729454,0.0,-25.772728,4.947727,18.62901,35.047394,48.596294,57.724865,59.493862,55.369305,54.332306,20.211363,28.72781,28.472015,31.633652,37.159267,39.456554,37.64306,36.36733,38.870094,39.72707,345.06854,14.036275,321.9529,302.90524,313.31537,299.8988,316.7899,318.27057,310.73203,295.01685,297.43964,286.9909,284.03625,284.34937,281.73856,277.0283,270.74405,265.91446
2025-10-03 14:00:00+00:00,0.0,320.90613,49.47727,0.0,-25.454546,3.794733,14.4,31.680906,49.911922,60.727585,56.642036,54.96471,52.718117,21.986542,27.981762,28.686981,32.60086,39.59743,41.470856,40.5216,38.307163,40.621716,44.009087,360.0,251.56496,322.69598,297.18103,307.77576,306.11945,318.69147,323.61554,304.33026,295.8663,296.98016,285.75122,282.05078,283.44864,279.2298,273.094,269.2361,267.1845
2025-10-03 15:00:00+00:00,0.0,329.2646,51.65578,0.0,-25.454546,10.733127,8.736132,28.899828,51.052914,63.2367,55.977135,54.3058,52.099903,23.78453,27.98922,29.034842,33.227596,40.727455,42.362595,41.761223,40.24922,42.521843,45.615788,15.945477,243.43501,318.36655,293.55228,303.38855,315.0001,321.54626,329.03632,300.01828,296.56497,296.56497,286.6993,281.7934,282.46494,276.95285,270.7639,268.4725,267.3975
2025-10-03 16:00:00+00:00,0.0,329.2646,51.65578,0.0,-25.454546,16.321764,3.6,25.51235,52.15515,61.77378,57.462334,54.951614,51.264023,24.863468,28.735077,29.806454,32.739525,37.929367,41.565887,41.231052,43.025024,43.90824,45.694637,90.0,252.89719,311.18582,293.0255,299.0545,328.39255,327.42596,331.29416,296.56497,299.93143,296.56497,292.83368,285.25516,280.8138,275.64044,270.0,268.51218,267.5105
2025-10-03 17:00:00+00:00,0.0,324.78232,49.94076,0.0,-25.454546,20.540691,10.733127,24.149532,53.26162,59.590603,59.578518,58.517685,52.63611,25.582806,30.226828,30.590445,32.269146,33.80346,39.94821,40.917595,45.82186,44.694,44.64258,153.43501,263.29025,296.56497,292.5206,295.01685,344.53873,335.77228,332.4028,293.7495,306.25394,298.30066,302.52487,290.7091,277.82898,274.28906,271.4502,268.5856,267.58054
2025-10-03 18:00:00+00:00,0.0,320.01315,48.551826,0.0,-25.454546,25.228556,15.783535,25.056734,53.26162,58.616035,61.715477,63.13414,53.933292,25.562534,31.345669,32.57368,33.103195,32.451984,39.94821,42.252216,48.118458,46.521385,44.253815,171.25392,272.72626,286.6993,292.5206,292.8906,351.2539,339.14545,333.43503,293.86017,310.60123,300.20316,309.71872,295.6881,276.66656,274.87918,273.40637,271.3639,269.19308
2025-10-03 19:00:00+00:00,0.0,317.0454,47.54787,0.0,-25.136364,28.01428,13.682105,29.68636,52.813633,60.191692,63.972496,64.039986,55.938538,24.216522,32.71435,36.635395,38.068054,37.53929,43.20471,44.637424,48.56078,49.430637,44.156082,195.25517,279.86575,284.03625,291.318,293.49857,347.00537,337.28555,336.8014,298.68604,312.7974,305.1121,311.36694,296.29474,277.0457,276.67438,276.67438,277.20596,275.11722
2025-10-03 20:00:00+00:00,0.0,313.995,48.373547,0.0,-24.818182,29.221909,12.979984,36.437344,52.813633,63.871117,66.85626,62.871292,57.961365,22.180206,34.292847,41.756245,44.711407,45.76595,47.490887,47.130135,48.350086,54.49975,45.043976,236.3099,289.1791,287.24155,291.318,295.60214,336.3706,332.90454,338.9624,305.83774,311.7602,311.87778,311.12863,295.58148,278.9453,278.27582,280.68484,284.4898,283.13403
2025-10-03 21:00:00+00:00,0.0,311.05472,49.33153,0.0,-24.5,28.999308,16.970562,41.742065,53.517845,66.56486,69.10166,64.24204,59.915936,21.407139,36.338127,45.440613,49.224045,51.3981,50.13486,48.872276,50.0339,58.142742,46.738422,261.87,294.44394,288.43503,289.6539,297.95087,327.20047,327.26477,339.6768,309.28937,311.87778,315.0001,311.68213,297.0308,282.2251,281.3099,283.7995,289.1791,289.6539
2025-10-03 22:00:00+00:00,0.0,307.40543,51.362244,0.0,-24.5,26.345398,18.039955,45.235386,55.408302,68.18914,69.816895,65.781456,57.92408,21.629978,38.470116,46.902653,51.164494,53.110023,50.817787,50.209557,54.071293,59.928673,50.24261,273.814,300.06848,291.80145,287.6502,298.36896,321.66663,320.0425,335.63754,308.90414,310.1559,311.74268,314.19315,302.55,290.29184,286.44046,286.78992,289.8408,288.43503
2025-10-03 23:00:00+00:00,0.0,302.96942,52.922585,0.0,-24.5,22.32129,18.35647,48.373543,57.699913,68.6941,70.40227,66.20695,57.009468,22.35481,40.11013,46.89626,51.76495,54.20728,51.111156,50.95586,59.096043,60.71107,54.54393,281.3099,306.25394,293.38525,286.92758,297.01257,316.46872,310.73203,330.37634,307.33328,309.64413,306.02747,317.38596,309.9363,300.12894,292.3802,289.78116,288.43503,284.93146
