date,temperature_2m,pressure_msl,wind_speed_30hPa,wind_speed_50hPa,wind_speed_70hPa,wind_speed_100hPa,wind_speed_150hPa,wind_speed_200hPa,wind_speed_250hPa,wind_speed_300hPa,wind_speed_400hPa,wind_speed_500hPa,wind_speed_600hPa,wind_speed_700hPa,wind_speed_800hPa,wind_speed_850hPa,wind_speed_900hPa,wind_speed_925hPa,wind_speed_950hPa,wind_speed_975hPa,wind_speed_1000hPa,wind_direction_30hPa,wind_direction_50hPa,wind_direction_70hPa,wind_direction_100hPa,wind_direction_150hPa,wind_direction_200hPa,wind_direction_250hPa,wind_direction_300hPa,wind_direction_400hPa,wind_direction_500hPa,wind_direction_600hPa,wind_direction_700hPa,wind_direction_800hPa,wind_direction_850hPa,wind_direction_900hPa,wind_direction_925hPa,wind_direction_950hPa,wind_direction_975hPa,wind_direction_1000hPa,surface_pressure,cloud_cover_high,cloud_cover_mid,cloud_cover_low,is_day
2024-08-01 11:00:00,16.981499,1011.9,15.029011,1.4488529,5.83152,15.55072,39.60963,60.161423,50.143703,34.832783,26.565813,24.287199,22.496197,16.947197,14.349515,15.055715,13.795112,14.770436,15.475587,3.2791111,3.1643424,82.56869,26.564985,270.0,270.0,285.17297,292.14523,295.24048,288.43503,282.6804,279.21094,289.50253,294.53772,265.68405,258.6901,271.87784,287.1028,286.47696,259.3804,259.3804,961.83777,0.0,0.0,0.0,1.0
2024-08-01 12:00:00,18.981499,1012.3,16.198666,2.671553,6.6077857,14.386751,37.31183,64.74929,46.7241,36.342823,25.036245,23.008951,23.749624,19.076778,13.630535,13.708636,10.198843,8.947019,8.572167,2.3491063,2.372759,90.0,14.036275,281.3099,262.23492,290.3232,288.07242,289.44012,281.3099,280.4374,279.7275,288.43503,288.43503,262.0305,248.96242,257.19574,275.5721,268.60284,210.96368,214.9921,962.5506,0.0,0.0,0.0,1.0
2024-08-01 13:00:00,20.731499,1012.2,17.60222,6.3815346,8.118749,17.792006,33.449368,63.551647,49.218365,40.282276,27.405922,24.656054,23.79068,21.84877,12.430711,13.391399,12.915275,10.400147,7.7786193,3.1849544,3.1881347,83.659904,23.962492,298.61035,259.50858,291.59537,286.5874,286.04907,281.12915,276.78888,273.01273,285.06854,290.659,267.5105,249.56708,237.14427,241.29414,239.30035,235.30478,232.43134,962.743,0.0,0.0,0.0,1.0
2024-08-01 14:00:00,23.731499,1012.6,13.60688,5.4980097,6.887768,16.25042,33.21635,63.114132,54.30783,39.77886,29.868864,24.758009,22.823494,20.599825,12.561948,13.371039,14.483434,11.897904,6.5432067,3.9729035,4.002611,90.0,44.999897,311.18582,274.57382,290.55612,289.1791,287.3541,282.2251,273.73132,276.0089,284.57425,291.97455,278.65247,257.24246,247.0362,248.58696,243.43501,239.53453,240.94548,963.6087,0.0,0.0,0.0,1.0
2024-08-01 15:00:00,26.3815,1012.5,17.49456,5.536059,9.63242,17.54249,33.399124,60.241623,55.546078,40.800064,30.700642,25.036245,24.334118,19.818935,13.771513,16.119934,15.870314,11.617064,8.810921,5.4237823,5.4149113,90.0,110.55613,312.27362,274.23633,288.08353,288.8248,286.95538,280.06064,277.2749,280.4374,285.80258,288.74142,268.8767,257.66092,252.5972,249.19313,247.69374,248.19853,248.96242,963.9343,0.0,0.0,0.0,1.0
2024-08-01 16:00:00,27.9315,1012.7,18.801622,5.343106,7.3306804,18.835087,34.01566,55.93773,54.38508,43.716,29.735033,23.762953,25.01047,20.16447,12.445361,14.946745,13.140758,11.655575,10.56302,6.486682,6.4352555,91.97489,75.96373,315.0001,266.0549,287.74475,288.22516,291.6747,281.9761,281.3099,281.00348,287.47485,285.4222,266.26868,249.77505,243.43501,243.43501,242.928,244.23071,244.98314,964.36786,0.0,0.0,0.0,1.0
2024-08-01 17:00:00,28.7815,1012.7,14.269546,2.5917869,7.3877287,17.60222,33.317314,49.790813,52.045895,46.1318,29.236687,21.858,24.310047,19.841593,12.714778,13.990597,12.645448,12.446264,11.434864,7.121774,7.3068733,92.60251,90.0,322.12497,263.6599,283.49576,288.19925,288.88617,280.52072,282.80426,281.9761,289.09357,285.6796,266.34784,246.13982,241.14444,240.75127,239.21593,241.2603,241.38963,964.4999,0.0,0.0,0.0,1.0
2024-08-01 18:00:00,29.5315,1012.2,12.328027,2.5917869,4.0979743,16.198666,33.947704,48.42291,50.829754,45.263607,27.680294,21.095617,21.665335,18.940872,12.791934,12.882138,12.480753,12.076948,11.267444,7.412122,7.427402,93.012726,180.0,18.435053,270.0,283.24054,282.3625,287.0491,283.24054,286.31393,280.6196,286.5874,283.29858,262.7251,241.47697,234.58286,232.3057,229.51407,227.20262,227.12111,964.1395,0.0,0.0,0.0,1.0
2024-08-01 19:00:00,30.231499,1011.4,13.215571,2.0489872,3.2397332,14.916852,34.947098,51.13445,52.339493,44.78807,26.23984,21.22458,20.398651,18.614874,13.450204,13.425263,13.349048,12.827017,11.693642,7.299037,7.478102,101.3099,108.43504,90.0,267.5105,280.68484,278.74606,285.06854,284.2373,290.22495,282.33908,287.6502,283.53586,259.59235,243.90463,241.69934,241.69934,241.14442,242.02061,242.10283,963.48535,0.0,0.0,0.0,1.0
2024-08-02 11:00:00,19.731499,1010.8,13.215571,7.5840216,3.4892995,18.440886,34.633343,25.410748,25.027859,25.26992,13.745025,13.10391,18.026646,14.175478,10.883152,10.037143,11.382475,14.251956,16.128056,3.7033226,3.7541788,78.6901,19.983198,338.19852,251.56496,252.58194,250.64091,248.74942,247.3801,278.13,278.53067,252.89719,263.21112,293.38522,281.3099,276.84268,277.88306,266.2848,247.61981,248.74942,961.24774,0.0,41.0,0.0,1.0
2024-08-02 12:00:00,21.4315,1011.1,14.386751,7.008615,4.3465586,18.700869,32.783794,23.181646,21.858,24.209286,12.910246,13.10391,19.722479,16.038002,10.758538,8.912517,10.436519,14.41486,15.072291,4.741198,4.765383,82.234924,33.6901,333.43503,255.96373,251.56496,243.43501,258.0239,254.47583,287.52567,278.53067,254.40712,259.15973,287.52567,276.3401,274.96964,276.0541,266.82022,257.73523,258.23172,961.8107,0.0,0.0,0.0,1.0
2024-08-02 13:00:00,23.231499,1010.8,14.618343,6.671019,3.7781458,17.60222,32.221912,25.002684,21.538744,22.908375,13.912005,13.10391,19.722479,17.157974,10.542969,10.163024,13.36626,15.711326,11.49583,5.855468,5.844465,77.19574,29.054508,329.03632,263.6599,254.84587,238.78166,263.08887,261.87,297.75842,278.53067,254.40712,257.5926,283.32455,276.95285,273.87845,275.5529,270.0,266.0549,266.186,961.81586,0.0,0.0,1.0,1.0
2024-08-02 14:00:00,25.5315,1010.8,15.029011,6.479467,3.2397335,18.154074,28.926302,27.136515,20.825212,22.039713,14.01723,13.215571,20.796618,19.593794,11.151094,12.14678,14.641305,12.880231,8.778633,5.4424524,5.251967,82.56869,36.86999,306.86996,267.95465,254.40712,236.68936,264.64426,268.31534,303.6901,281.3099,257.73523,257.15228,276.95285,276.98096,278.88058,275.80664,270.0,267.87894,267.87894,962.182,0.0,0.0,0.0,1.0
2024-08-02 15:00:00,27.5315,1010.3,13.622299,7.9091973,3.2397335,18.142506,29.550915,30.225166,20.895653,20.180183,14.01723,13.529523,21.062386,21.82305,13.542016,13.851428,12.190847,8.915329,7.7335577,4.834421,5.0539837,92.72626,34.9921,323.13,270.0,254.74483,239.0363,262.8751,275.52744,303.6901,286.6993,260.34018,259.3804,274.57382,282.30798,280.68484,272.79263,270.0,270.0,270.0,962.02,0.0,0.0,0.0,1.0
2024-08-02 16:00:00,29.3815,1010.2,11.66304,5.223913,2.671553,18.154074,28.897259,34.487568,23.12725,17.792006,15.112583,14.151369,21.429834,22.812017,14.887995,12.546428,9.503929,8.90739,7.953566,5.252762,5.262748,90.0,29.744795,284.03625,267.95465,250.34608,244.39786,258.6901,280.49142,300.96368,285.94547,261.70294,259.8458,274.15958,281.3099,272.72626,268.60284,266.98727,265.60138,265.76367,962.2113,0.0,0.0,0.0,1.0
2024-08-02 17:00:00,30.5315,1009.8,11.66304,5.060625,4.0979743,16.846615,29.358492,29.301233,21.626282,18.429499,17.106281,14.775457,20.838808,23.03496,14.910009,10.360669,9.269899,8.928547,7.986455,5.472193,5.473903,90.0,50.194473,288.43503,270.0,247.96371,251.96562,261.38443,280.1246,294.62354,285.25516,265.13556,261.6342,275.19434,274.08554,268.60284,265.81516,263.9911,263.6599,263.88458,962.007,0.0,0.0,0.0,1.0
2024-08-02 18:00:00,31.6815,1009.3,11.912354,4.717123,5.7954116,17.506556,29.607689,26.565813,21.626282,18.968357,18.049706,15.884608,19.92431,22.28146,12.958933,10.837629,9.784685,9.033592,7.8707423,5.374935,5.376396,67.61982,74.054535,296.56497,272.12103,246.80139,257.3196,261.38443,277.8532,291.03757,281.76825,266.186,263.08887,270.0,267.3975,263.36758,260.31128,259.28693,257.00537,257.4712,961.70575,0.0,0.0,4.0,1.0
2024-08-02 19:00:00,32.2315,1009.1,13.957198,2.336205,5.536059,15.604623,29.960089,23.647835,21.421474,19.188414,19.056683,18.554369,19.017155,19.776384,13.779449,12.6353855,11.571657,11.129734,10.017471,6.937062,6.954494,68.19853,56.3099,290.55612,265.23645,248.42863,260.53775,266.53183,281.68933,287.81897,282.09473,267.33704,269.029,267.7543,263.29025,257.5926,252.97939,246.64441,244.17906,243.43501,961.5985,0.0,0.0,16.0,1.0
2024-08-03 11:00:00,14.9315,1010.1,12.9751215,4.9346147,11.66304,23.469627,38.25081,43.716,44.16031,43.99362,41.48883,35.731194,27.479397,23.16624,22.197361,17.42137,16.46284,16.896118,16.473783,3.631407,3.7137012,87.13766,293.1986,270.0,276.3401,271.94144,258.0239,255.55592,260.67648,271.78986,265.84042,274.61057,284.2373,288.43503,306.38446,315.55618,316.04153,305.7068,273.17978,276.0089,959.7818,0.0,0.0,0.0,1.0
2024-08-03 12:00:00,18.2815,1010.5,13.66845,5.4980097,10.447826,24.6305,38.8822,44.16031,46.526,46.65666,43.41243,38.365883,29.277838,23.46253,20.10383,16.380732,16.649529,17.102842,14.596676,4.1526723,4.1961737,84.55976,315.0001,277.1249,271.5074,270.9548,255.55592,257.125,260.40692,270.0,265.1561,275.19434,291.80148,292.08722,302.7352,311.69803,310.36444,299.1342,284.03625,283.39252,960.7233,0.0,0.0,0.0,1.0
2024-08-03 13:00:00,20.8815,1010.6,13.622299,4.148883,10.547809,25.303127,40.841206,45.30533,48.087948,46.45827,44.065136,39.609634,32.113617,25.08442,20.747927,17.554657,16.009733,14.960826,10.575419,4.741198,4.765383,92.72626,321.34015,280.6196,267.0644,271.81827,253.37917,255.96373,261.983,269.1575,266.24835,277.90707,292.79654,302.24243,301.23917,300.5475,297.68097,288.43503,282.26477,281.76825,961.2454,0.0,0.0,0.0,1.0
2024-08-03 14:00:00,23.2815,1010.2,12.328027,7.008615,12.104643,24.698586,42.11653,47.94805,48.087948,46.939255,44.713013,40.177917,32.932755,25.657738,21.013222,18.178171,13.655527,11.059583,9.129916,5.374935,5.376396,93.012726,326.3099,285.52417,265.48608,270.0,251.07526,255.96373,263.6599,270.8303,269.076,276.93427,293.8865,312.91742,309.50766,298.68604,289.50253,285.94547,282.99463,282.5288,961.2528,0.0,0.0,0.0,1.0
2024-08-03 15:00:00,24.731499,1010.1,10.447826,5.9737735,10.686212,26.691942,44.079426,51.433254,51.236973,50.160446,45.360897,38.89839,32.551258,25.96453,21.593159,18.560495,13.450085,12.180013,10.519503,6.17914,6.146962,97.12492,319.39877,284.03625,264.4279,268.31534,250.88017,256.84244,264.06857,270.81842,271.90912,277.80008,293.58704,312.4664,308.5412,294.84235,291.99118,290.95584,289.0257,288.43503,961.3889,0.0,0.0,0.0,1.0
2024-08-03 16:00:00,26.2815,1010.0,9.740774,3.2397335,9.911678,27.405922,44.825546,52.045895,50.46086,50.097633,44.06037,38.89839,33.118908,29.263344,21.949707,17.94858,14.523942,13.255637,11.512917,6.795233,6.7895417,93.814,323.13,281.3099,263.21112,265.85544,251.11382,257.3914,264.80566,270.0,271.90912,279.21094,290.0953,301.93063,298.67307,290.97357,288.13818,285.80258,281.9761,283.24054,961.5386,0.0,0.0,0.0,1.0
2024-08-03 17:00:00,27.3815,1010.4,11.185293,0.91633505,11.091061,29.981102,45.087032,52.707188,51.236973,51.98132,45.360897,39.530056,34.597466,31.491133,18.900373,16.65199,15.027031,14.1722975,12.926868,8.455439,8.349465,100.00792,315.0001,276.70975,263.79663,262.5687,249.11412,260.53775,265.71094,269.18155,270.93918,275.12808,286.6993,291.80145,288.9705,285.7087,285.10114,284.03625,282.38074,282.09473,962.0918,0.0,0.0,0.0,1.0
2024-08-03 18:00:00,27.7815,1010.1,11.185293,3.6653402,12.3790045,29.833704,44.741173,54.14912,55.10976,53.056507,46.67016,41.473648,35.518818,30.15931,18.614767,18.143166,17.804628,17.035137,15.733157,10.129957,10.204698,100.00792,224.9999,276.0089,267.5105,259.9921,248.96242,267.97867,261.57312,268.4089,269.10486,275.7105,284.8084,289.4862,290.64706,290.04535,289.35907,289.39792,287.3541,287.74475,961.8684,0.0,0.0,0.0,1.0
2024-08-03 19:00:00,28.0315,1009.8,8.644687,2.7490048,12.9751215,31.128428,45.41639,56.55353,62.86418,57.078182,47.317856,42.808636,35.9177,28.463644,16.818987,16.358541,15.908896,15.286761,14.134427,9.102509,9.042513,102.99462,224.9999,272.86234,267.6141,255.96373,251.98013,271.18115,267.3975,268.4307,272.6025,274.93912,282.23608,288.7259,291.16132,292.55728,292.55728,293.53235,294.86368,295.46332,961.62177,0.0,0.0,1.0,1.0
2024-08-04 11:00:00,14.0815,1013.1,7.8023114,3.2397332,9.094364,27.891827,47.54357,58.49132,63.97305,63.498775,54.028805,48.24919,44.83813,32.799706,15.654056,11.483185,8.592033,7.144159,5.6279035,2.141275,2.0663304,85.23644,270.0,274.08554,267.33704,252.55272,265.5527,263.01904,270.0,264.4946,255.21722,264.34567,277.63324,302.31958,315.0001,333.43503,340.46326,328.67136,311.18582,311.18582,962.48737,0.0,4.0,3.0,1.0
2024-08-04 12:00:00,14.9315,1014.1,9.2771845,3.88768,11.091061,27.861706,45.69288,59.473602,62.044064,64.797905,55.75731,48.044277,44.180386,32.233196,16.038134,11.028677,9.111476,8.592008,6.093785,3.1849544,3.073481,77.90526,270.0,263.29025,270.0,251.82188,262.48795,262.80084,270.5729,268.00217,259.90256,270.5729,278.97253,306.09836,321.34018,336.61475,339.27435,337.8336,341.56494,341.56494,963.5825,0.0,0.0,19.0,1.0
2024-08-04 14:00:00,17.0315,1014.9,11.823917,4.0979743,13.745025,26.119564,45.360897,62.421852,61.60947,62.88088,57.022987,48.22743,42.00646,28.313292,15.130802,9.047358,5.7758865,5.257584,5.0337496,3.5637348,3.5737062,80.53775,288.43503,261.87,262.8751,248.19853,260.43997,272.41098,271.77142,269.34894,263.82993,272.41098,276.11542,285.52417,292.3802,300.57913,308.2902,311.63345,312.70938,315.0001,964.6975,0.0,0.0,31.0,1.0
2024-08-04 15:00:00,18.4315,1014.4,14.269546,3.88768,16.31488,25.26992,46.975018,61.636726,67.11176,64.159805,58.34759,46.872124,41.97857,27.514555,15.461974,10.019031,7.3589354,7.526776,7.395708,5.3180156,5.2519665,87.3975,270.0,263.15732,270.0,245.55606,257.8632,280.0079,271.15732,268.09088,264.4471,268.79398,272.79263,282.09473,294.67685,312.5104,316.16904,317.29062,322.69598,321.009,964.45624,0.0,0.0,6.0,1.0
2024-08-04 16:00:00,19.3815,1014.6,14.269546,2.8977058,18.790455,25.278225,47.552402,60.606396,76.753654,68.6854,60.290386,47.410927,41.971596,28.824404,13.937235,8.190366,8.165209,8.15254,7.8457255,5.1592326,5.1318846,92.60251,243.43501,270.0,271.46878,250.0835,263.86282,281.68933,269.4595,268.15244,266.08182,269.3969,270.66617,278.91486,302.7352,311.63345,311.7602,311.7602,308.65982,307.30402,964.8037,0.0,0.0,19.0,1.0
2024-08-04 17:00:00,20.3315,1014.5,11.734814,5.573848,17.506556,24.698586,49.043186,61.55493,78.10378,72.67408,62.206253,49.908722,41.97857,28.824404,14.038844,8.956562,8.721867,8.61394,8.236892,5.761159,5.677211,96.340096,234.46223,272.12103,265.48608,254.67844,270.0,283.921,273.0664,270.5968,268.51218,271.20602,269.3338,270.0,290.92456,301.21835,303.6901,305.7068,306.46933,308.0471,964.8649,0.0,0.0,36.0,1.0
2024-08-04 18:00:00,21.0815,1014.6,13.957198,4.148883,16.821672,25.950243,50.13114,62.88088,81.82876,75.2316,64.17616,51.20419,41.145046,29.174929,14.858591,10.747876,10.0117855,10.061258,9.573712,6.576758,6.62048,111.801476,231.34016,285.6423,267.13766,255.78412,271.77142,290.87473,277.92065,271.73566,271.4502,273.0774,268.02512,267.91748,285.94547,298.30066,302.6609,306.11945,310.0302,310.2363,965.0827,0.0,0.0,27.0,1.0
2024-08-04 19:00:00,21.731499,1014.2,13.745025,6.978599,14.21058,29.415636,52.862286,61.585617,80.11776,74.99406,64.19906,51.20419,39.477104,28.946894,14.3723545,10.921104,10.412014,10.244776,9.7969885,6.89011,6.9599247,135.0001,248.19853,294.22772,262.40546,258.6901,271.8087,288.87463,279.95056,272.31366,271.4502,275.1363,264.68555,264.61078,284.34937,297.12122,302.00534,303.6901,307.87503,305.9098,964.8085,0.0,0.0,33.0,1.0
2024-08-05 11:00:00,9.6315,1017.5,4.0979743,7.8023114,20.294287,34.730183,54.168495,72.95086,91.04977,79.314606,66.11914,52.49968,38.437557,23.46971,11.792808,7.186343,5.668751,4.3274565,3.976783,1.2898082,1.5181876,71.564964,274.76355,286.6993,278.58353,276.8699,282.30798,286.1135,274.68582,268.31534,268.5856,269.34146,271.63654,285.94547,321.9529,336.5014,342.47433,356.98727,308.65982,309.8055,965.8921,2.0,0.0,7.0,1.0
2024-08-05 12:00:00,12.3815,1017.7,6.7647614,8.522408,21.313408,33.67453,53.697544,75.48509,98.08637,84.39241,66.2048,51.22468,37.12019,22.947021,12.905389,8.875075,6.9776387,5.634365,4.206347,1.6240145,1.567174,73.300674,278.74606,289.53674,281.0937,278.32556,281.88864,285.32156,273.52136,266.6336,267.8253,271.3639,276.70975,285.78082,316.1232,335.09525,332.44727,333.43503,299.74478,299.74478,966.56396,0.0,0.0,19.0,1.0
2024-08-05 13:00:00,15.3315,1018.1,7.1274137,7.5840216,19.49232,34.730183,56.356464,76.753654,104.39988,87.71245,68.145386,51.25336,35.411507,22.094152,13.165397,8.611949,6.284226,5.7009473,4.1803017,1.9003264,1.833815,90.0,289.9832,291.4478,278.58353,278.59583,281.68933,285.84778,274.23633,266.72958,267.10147,273.57626,279.60513,285.46127,306.86996,322.3057,319.63553,306.86996,302.00534,302.00534,967.4514,0.0,0.0,1.0,1.0
2024-08-05 14:00:00,17.481499,1018.3,5.83152,6.3815346,18.89073,36.858997,58.591724,80.32971,113.83411,98.611435,71.968765,50.606255,31.918543,20.50692,11.721514,7.5799537,5.668751,4.856489,4.673719,3.0681546,2.960769,90.0,293.9625,292.16638,280.1246,280.19144,282.57892,285.85587,277.1716,267.93622,267.0644,274.76355,281.3099,298.92633,324.24603,336.5014,333.43503,333.43503,336.8014,336.8014,968.0049,0.0,0.0,2.0,1.0
2024-08-05 15:00:00,19.231499,1017.7,6.978599,6.1127167,17.216372,35.073013,58.62038,84.76222,123.995056,109.07851,77.10566,49.92975,30.534122,19.29049,12.43071,8.888708,8.277066,8.312971,8.000118,5.596827,5.5014453,68.19853,302.00534,289.79898,281.72507,283.42184,281.9112,283.60056,279.57416,270.0,267.76886,273.31772,277.98923,304.3804,318.36655,325.0079,326.7251,326.7251,329.74365,327.99466,967.72656,0.0,0.0,0.0,1.0
2024-08-05 16:00:00,20.0315,1017.5,9.63242,5.536059,18.55437,36.221325,59.10538,86.798256,134.58743,114.73231,80.3689,49.908722,31.03812,19.267183,11.264901,11.156937,11.084589,10.991127,10.450753,6.93121,6.847727,70.346085,290.55612,294.77512,280.30478,282.66507,282.06485,282.2296,278.7707,271.3859,271.48782,274.89902,283.0693,314.02905,318.57642,320.79282,322.22424,323.13,324.46225,325.40765,967.6689,0.0,0.0,14.0,1.0
2024-08-05 17:00:00,20.5815,1017.8,11.072118,4.5816746,17.968111,38.376827,59.10538,87.68612,131.07915,120.07136,84.35509,51.20419,31.12603,18.335209,11.460548,11.689589,11.617922,11.337588,10.496636,6.5365324,6.7392683,69.44387,278.13,295.64096,281.68933,282.66507,280.6456,283.14322,276.8181,273.08212,271.4502,276.5197,288.10385,313.09085,319.26797,322.90707,323.56903,324.72748,326.3099,326.76828,968.0445,0.0,0.0,6.0,1.0
2024-08-05 18:00:00,20.8315,1016.9,11.091061,2.0489872,17.827368,37.1144,63.183937,88.201706,133.19994,126.9463,83.36383,52.6793,32.49124,19.185394,12.981411,12.71182,12.039036,11.430818,10.413063,6.325163,6.3762693,83.29026,288.43503,289.09357,286.22028,283.03867,285.772,287.55362,281.48196,275.79913,274.93912,281.76825,297.01257,315.0001,317.35333,320.33218,321.17017,321.51978,322.76508,322.43134,967.2298,0.0,0.0,13.0,1.0
2024-08-05 19:00:00,21.6815,1017.3,12.580849,5.83152,19.674547,36.267654,66.34418,88.437004,137.18884,126.1168,75.63234,52.174797,33.671196,19.205873,13.003852,12.179136,11.35776,10.767836,9.79476,6.165993,6.223325,101.88863,270.0,287.24155,288.75873,282.4074,291.48965,290.74615,286.1072,279.86575,284.38144,289.14822,299.24872,311.63345,315.0001,317.41956,318.27057,320.1945,321.63248,321.34018,967.74915,0.0,0.0,21.0,1.0
2024-08-06 11:00:00,8.0815,1019.6,5.343106,6.6077857,21.781033,42.360054,86.60456,96.598404,81.80567,76.99395,67.23989,41.559605,29.78671,24.86856,16.618443,14.619104,14.717871,15.249686,15.6328745,3.4184518,2.4741044,104.03627,281.3099,300.37906,276.1465,279.0394,268.0781,266.36713,276.76608,302.00534,300.96368,305.34018,307.33328,316.9749,313.63614,317.4896,324.27252,330.35022,315.0001,315.0001,967.60925,0.0,0.0,5.0,1.0
2024-08-06 12:00:00,10.8315,1019.4,5.536059,9.277185,21.025845,42.76939,88.08501,93.57616,79.145035,72.96812,62.368023,42.240955,31.191797,25.191656,17.836931,15.563873,15.324958,16.137875,15.143139,4.526671,4.118923,69.44387,294.77512,303.6901,270.86804,276.75897,265.6318,267.1845,279.7132,302.69946,302.47116,307.5192,310.6839,320.52756,320.77432,322.792,331.0204,339.81412,339.14545,340.70987,967.9076,0.0,0.0,1.0,1.0
2024-08-06 13:00:00,13.5815,1019.8,6.146962,10.058838,19.232122,44.103233,91.45923,90.34616,75.16461,68.11149,57.670895,41.69576,32.35882,25.38487,17.423504,15.701361,14.255894,12.786501,8.929128,4.3390255,3.935976,71.564964,284.93146,302.61923,272.52606,277.32632,265.4753,270.4939,281.52368,297.42865,302.94922,308.90414,312.32452,319.39877,327.8043,334.65387,339.10217,339.44388,338.19852,339.77505,968.7665,0.0,0.0,0.0,1.0
2024-08-06 14:00:00,16.6815,1019.9,7.8291693,11.89472,18.565678,45.360897,92.393196,88.46311,73.77777,68.08684,55.07547,41.514122,30.38033,24.17693,16.236868,14.816557,12.645448,9.041421,7.6654687,5.2256556,5.0427575,65.55606,299.35767,299.24872,270.81842,275.2307,264.95764,277.0625,286.02036,295.0576,304.18616,310.8723,316.1232,317.02136,324.46225,335.72556,335.89777,334.1337,332.44727,332.44727,969.391,0.0,0.0,0.0,1.0
2024-08-06 16:00:00,18.6815,1019.6,7.3877287,8.247014,17.106281,46.008774,88.313484,81.68241,69.40595,61.127167,52.51167,44.23156,28.11482,22.614206,10.896539,10.115254,9.955496,9.734809,9.074721,6.325163,6.103781,74.74483,315.0001,294.62354,270.80692,273.78604,268.18173,267.32462,274.8644,285.75125,301.8274,315.0001,320.4119,318.01288,318.94528,320.52756,321.34018,321.54626,322.76508,322.76508,969.44183,0.0,0.0,1.0,1.0
2024-08-06 17:00:00,20.1315,1019.7,8.014658,6.1127167,17.968111,47.340034,86.29618,79.052155,67.05231,60.262524,52.862286,43.562065,27.179459,20.988737,9.782737,9.583546,9.43108,9.062266,8.425667,5.6974196,5.4980097,75.96373,302.00534,295.64096,272.35324,273.01273,269.5304,264.45477,269.38394,281.3099,300.37906,314.34152,321.48303,320.59937,318.12222,315.97092,315.97092,316.00497,315.0001,315.0001,969.7774,0.0,0.0,2.0,1.0
2024-08-06 18:00:00,20.9315,1019.5,8.448192,5.536059,16.519463,46.7241,83.061104,79.76327,65.5996,61.64013,51.774956,41.736015,25.975117,21.12476,10.134061,10.091284,10.100691,10.040138,9.573712,6.7050667,6.6347337,85.60138,290.55612,295.5599,273.17978,273.1302,267.67224,266.03543,266.98727,278.63705,297.75842,311.55252,318.21558,311.7602,315.0001,319.53784,321.1466,323.88055,327.26477,328.17258,969.71906,0.0,0.0,5.0,1.0
2024-08-06 19:00:00,21.4315,1019.3,7.8826113,7.5840216,17.446499,47.45961,78.444374,79.72114,64.149994,62.216377,51.388344,40.00513,23.946041,20.430094,10.717812,10.531643,10.407105,10.244776,9.8259325,6.851724,6.6119137,99.46225,289.9832,291.80148,274.6986,271.89334,271.39716,269.4213,268.80655,275.06354,294.90475,307.5042,318.991,319.0857,322.59457,325.6196,327.99466,330.70874,335.69547,335.69547,969.611,0.0,0.0,4.0,1.0
2024-08-07 11:00:00,6.5815,1020.1,12.763069,8.813027,18.835087,41.81641,68.535484,70.28056,47.17123,45.119614,38.376827,36.313927,26.4221,11.266051,7.368959,4.982248,5.257275,5.562748,7.708095,3.447998,2.7283094,66.03751,306.02747,296.56497,282.5288,285.3502,282.2423,285.94547,282.43954,281.68933,285.52417,290.55612,292.751,261.57312,200.22495,154.5367,141.34018,139.39879,173.29025,175.91446,967.81366,2.0,0.0,0.0,1.0
2024-08-07 12:00:00,10.4315,1019.7,13.357763,8.297766,17.697367,41.046284,68.04674,67.47673,43.68237,39.92109,36.619022,34.2187,25.524132,10.28081,8.946006,7.1356153,6.780837,7.219691,9.359117,3.6758294,3.3273182,75.96373,308.65982,293.7495,281.84204,283.7716,281.6336,290.85452,283.13403,283.29858,288.77814,293.45905,289.0257,264.80566,223.60289,180.0,164.2913,156.29735,170.53775,173.29025,968.12195,1.0,0.0,0.0,1.0
2024-08-07 13:00:00,14.981501,1019.8,14.269546,9.7192,19.26484,40.800064,69.15749,67.0022,43.64391,38.250813,35.2104,30.536097,22.913105,8.77158,8.211054,8.194061,7.8948145,8.495387,9.616965,4.6722317,4.5087037,87.3975,306.86996,289.6539,280.06064,282.99463,279.46225,288.16605,280.73883,282.75754,287.2816,289.13373,276.58185,260.53775,228.65231,193.24052,184.39862,178.75467,172.56868,172.56868,969.00714,0.0,0.0,0.0,1.0
2024-08-07 14:00:00,17.7815,1020.0,13.622299,9.34482,19.26484,42.434322,68.24389,64.23829,39.77886,38.13539,33.805187,29.10716,23.061687,9.7192,7.5207105,9.236106,9.784685,9.795192,8.011033,5.071984,4.9214096,92.72626,326.3099,289.6539,277.01642,282.05673,278.70215,282.2251,279.78235,282.17145,286.8215,290.17075,270.0,248.96242,221.76021,186.63242,176.186,172.50424,173.15732,170.9098,969.6716,0.0,0.0,0.0,1.0
2024-08-07 15:00:00,19.5815,1018.8,13.357763,8.813027,18.89073,42.16137,65.3174,65.70193,37.670174,38.376827,36.1459,28.758907,21.969486,11.439195,8.626624,9.26229,7.39011,7.07449,6.642603,4.4498267,4.2940826,104.03627,323.97253,292.16638,272.6425,280.864,275.092,273.9451,281.68933,284.5345,284.34937,285.1541,264.95764,249.86362,230.38934,203.42871,197.87878,192.72435,185.19434,185.19434,968.83075,1.0,0.0,0.0,1.0
2024-08-07 16:00:00,20.7815,1018.6,12.293924,5.343106,18.257845,41.549503,63.80876,62.60989,36.938644,35.848495,34.101944,28.897259,19.840874,12.032586,9.371768,8.668009,8.102398,7.678784,6.833866,4.458936,4.5504127,108.43504,345.9637,297.47433,273.57626,279.9405,276.53653,268.99493,276.22574,284.30032,289.6539,281.5601,257.125,228.50363,214.59235,210.1413,208.7397,203.42871,198.43504,199.9832,968.83844,10.0,0.0,0.0,1.0
2024-08-07 17:00:00,21.8315,1017.6,9.209053,3.9413056,16.237497,42.16137,59.016525,60.758606,34.347286,33.848625,32.68761,28.897259,21.933922,13.493482,9.023075,8.871665,8.411761,8.062358,7.3005824,4.65047,4.73356,129.28938,350.53775,298.61035,272.6425,278.84174,277.3523,271.0809,275.49222,283.7608,289.6539,279.27252,255.61856,218.92755,213.6901,210.69965,207.25525,203.6294,197.65022,199.17911,968.0591,7.0,0.0,0.0,1.0
2024-08-07 18:00:00,22.4315,1017.6,6.978599,3.2397335,14.21058,43.431767,57.547005,64.47314,35.66062,33.449368,29.236687,26.715527,22.304512,14.226888,8.814681,8.267618,7.3345966,6.6304865,5.9889297,3.5178971,3.3947709,111.801476,323.13,294.22772,268.29022,277.76508,275.7678,272.08252,278.91486,282.80426,284.03625,277.9695,254.98158,220.0302,216.52895,213.6901,211.60745,209.24873,203.6294,203.6294,968.1567,6.0,0.0,0.0,1.0
2024-08-07 19:00:00,23.0815,1017.1,6.511783,3.2397335,16.029316,46.69264,58.74915,63.828506,39.609634,36.01208,29.735033,26.047132,21.205528,14.550844,8.38671,8.033634,7.303185,6.736356,5.9486737,3.7631016,3.8190398,95.7105,306.86996,284.03625,267.6141,276.96817,275.82623,273.75165,278.27582,281.3099,275.7105,270.0,255.32356,213.17851,207.3498,201.80147,200.77234,198.43504,195.52417,194.7436,967.78625,9.0,0.0,0.0,1.0
2024-08-08 13:00:00,14.481501,1015.2,7.77536,5.7954116,12.44665,33.146763,50.055717,71.66478,53.32093,44.02224,39.784138,33.922962,32.659004,30.120178,24.365402,22.166872,19.696877,17.640493,13.19943,4.526671,4.368237,90.0,206.56499,308.65982,265.51547,248.74942,255.3355,244.05775,227.38597,232.94339,241.47697,239.9668,214.57425,195.42223,182.54475,176.71083,175.76369,169.04597,147.72438,147.72438,964.55084,99.0,100.0,41.0,1.0
2024-08-08 15:00:00,15.8315,1013.6,10.387376,7.5562916,4.5356264,30.789402,56.801685,71.12377,62.229874,53.84199,37.748104,27.86924,29.53337,34.394417,26.591097,23.161932,20.18114,17.095947,12.446493,6.1263824,6.054055,93.57626,239.0363,270.0,261.52893,249.29088,253.05069,238.62704,230.37103,230.57222,234.46223,235.359,213.07068,195.3062,183.04471,164.40714,152.78398,139.08571,133.66785,132.39738,963.25977,0.0,94.0,16.0,1.0
2024-08-08 16:00:00,18.7815,1012.8,11.315902,8.693117,7.5562916,29.735033,60.161423,72.364365,64.35581,56.401142,42.11653,32.189323,30.047659,31.281776,28.603632,25.759575,19.659231,15.729329,13.677318,7.265607,7.1526976,103.24053,243.43501,239.0363,258.6901,247.85477,253.34981,237.75005,227.32785,233.13002,229.89915,228.57643,224.9999,199.29015,186.58185,160.52333,144.5542,141.20343,136.12321,137.20262,962.99286,0.0,30.0,1.0,1.0
2024-08-08 17:00:00,20.7815,1012.5,10.725427,5.9737735,10.12125,27.831554,61.14777,78.07959,66.88618,60.938,43.315613,36.267654,32.17737,29.920006,29.248697,27.943304,18.56871,15.036305,13.78866,7.968754,7.8767514,115.01686,257.4712,230.19447,257.90524,244.24957,252.61752,234.46223,225.43074,235.359,228.62158,225.55618,221.36694,203.9625,192.20045,176.51074,169.17703,165.96373,163.85559,164.24876,963.0365,0.0,49.0,1.0,1.0
2024-08-08 18:00:00,20.0315,1011.9,9.566818,7.3877287,14.225345,28.487555,64.94999,78.28097,70.12507,58.23235,44.06037,35.737064,32.494244,29.494648,29.11382,26.098148,17.201897,14.467122,12.507767,6.6442757,6.600475,118.30067,254.74483,239.9315,252.80138,241.38963,250.6651,238.21912,235.42574,241.92761,224.9999,223.89838,216.21893,198.9391,188.13002,176.98727,172.23492,170.38034,165.96373,166.37299,962.3432,0.0,100.0,46.0,1.0
2024-08-08 19:00:00,22.5315,1011.8,8.717231,7.8826113,16.391897,29.121582,68.234665,77.05936,72.1552,58.834843,43.238003,35.74881,34.051605,28.501106,26.479853,20.272362,14.707453,12.016254,9.932065,5.8137417,5.799032,131.98714,260.53775,251.56496,249.14546,239.7828,250.34608,243.8952,233.5086,240.36171,226.46873,224.47443,221.18584,196.58742,185.5721,177.35751,173.77426,171.52895,165.96373,166.42955,962.65466,0.0,9.0,28.0,1.0
2024-08-09 11:00:00,12.6815,1008.8,9.163349,3.9413056,14.959011,26.636835,62.233246,90.75418,101.71112,97.736916,70.008224,47.53032,45.452026,31.796396,21.16357,18.79872,13.730149,14.720852,12.160654,2.9945345,2.889726,98.13002,189.46225,252.3498,228.94528,218.65984,213.34972,206.89143,208.94383,210.5999,207.61295,207.81032,212.51749,209.83545,217.01997,237.09476,248.3555,241.23245,222.27362,222.27362,958.16266,0.0,0.0,19.0,1.0
2024-08-09 12:00:00,14.231501,1008.8,9.911678,4.0979743,9.890476,26.715527,61.69119,90.3996,102.637695,98.83257,68.48033,48.785694,43.29687,31.369629,19.076944,17.523588,13.666746,13.696678,10.502877,4.436128,4.40699,78.6901,198.43504,238.39255,219.09386,216.02747,213.00665,204.62355,207.74095,212.6375,210.31113,208.65701,216.74756,206.9276,218.15727,235.78426,242.62238,238.84074,230.52756,228.57643,958.4277,0.0,0.0,11.0,1.0
2024-08-09 13:00:00,16.0815,1008.9,13.66845,3.2397332,11.147696,27.221474,62.179253,90.120514,100.73435,95.917984,67.23989,46.782467,41.59558,30.426277,17.456938,16.639261,13.748739,11.778364,9.470482,5.4237823,5.487691,84.55976,180.0,215.53777,218.23387,213.52449,211.17563,203.10184,206.04572,212.00534,210.82759,210.65059,220.53276,211.72356,218.3952,242.5925,247.21756,247.96371,248.19853,247.06787,958.8354,0.0,0.0,3.0,1.0
2024-08-09 14:00:00,17.3815,1008.4,14.31361,4.3465586,14.342911,27.344578,64.35581,91.85772,99.381165,95.547424,69.78599,46.782467,40.32091,27.77661,15.34842,14.631524,12.171975,11.337588,10.054473,6.3219543,6.355495,95.19434,153.43501,198.43504,216.32692,212.24994,206.38425,199.0257,202.73946,211.32863,210.82759,212.47118,221.57603,219.2894,227.72636,248.19853,249.82925,249.30447,247.52052,246.57129,958.5773,0.0,0.0,3.0,1.0
2024-08-09 15:00:00,18.8815,1007.9,14.151369,6.7647614,15.401517,28.42116,65.95385,91.05438,98.71144,96.01861,69.78599,44.23156,37.248783,25.598572,13.5662155,11.877126,9.032636,8.795476,7.654062,5.4424524,5.5254316,105.945465,163.30067,202.24907,204.22774,213.37785,204.37645,195.22218,201.37068,211.32863,211.82741,213.87857,223.93918,222.58044,230.04251,238.29861,237.09476,235.0079,231.009,230.71062,958.3502,0.0,0.0,2.0,1.0
2024-08-09 16:00:00,20.3815,1007.7,16.55754,7.244264,15.93738,29.279736,63.673744,93.63222,99.169716,96.93465,68.34225,42.44916,36.293392,23.229189,11.264901,8.956563,8.592033,8.434088,7.8262124,5.5311947,5.606892,120.579155,190.3048,206.56499,204.86368,211.26367,204.96896,194.76266,199.5251,211.4295,211.26367,211.56175,223.83095,224.02907,232.81522,234.63745,235.49141,235.88548,236.88864,236.3099,958.40576,0.0,0.0,0.0,1.0
2024-08-09 17:00:00,21.9315,1007.1,12.225433,4.5356264,15.67174,30.148676,61.745613,92.05861,94.59134,93.90086,64.78495,40.45388,34.9343,21.092834,9.371768,9.153802,9.406672,9.16578,8.456719,6.139614,6.0727506,122.00535,180.0,209.7448,208.21725,208.1785,202.77501,189.46225,196.43423,210.66885,211.90807,212.08215,224.35634,228.50363,233.74606,234.78232,233.67308,230.01317,228.99101,230.19447,958.08624,0.0,0.0,12.0,1.0
2024-08-09 18:00:00,22.6815,1006.9,10.627115,5.7954116,13.66845,32.006207,61.73201,90.12284,94.812996,97.91716,62.45211,37.69803,31.897139,17.787952,9.782737,9.897435,9.655915,8.915329,7.736382,5.287408,5.3763957,127.568665,153.43501,211.4295,211.75943,205.48915,206.01231,190.23474,194.95589,210.5559,208.76755,210.82759,222.70937,230.59937,235.1246,237.42595,235.92276,231.58191,229.63554,229.39879,958.0166,0.0,0.0,18.0,1.0
2024-08-09 19:00:00,23.0315,1006.9,8.247014,8.014658,13.482897,31.63679,58.55947,94.49364,90.35314,94.16652,58.674065,36.250282,31.238691,15.622928,10.134061,9.9918,9.7218275,9.341644,8.528737,5.761159,5.83152,135.0001,165.96373,215.21768,214.9921,204.86368,205.15927,190.7458,195.56638,210.52963,204.27443,208.7397,215.39488,228.23979,232.0012,234.46223,234.46223,233.97253,233.53067,233.13002,958.0727,0.0,0.0,22.0,1.0
2024-08-10 11:00:00,10.231501,1007.8,8.813027,3.3038929,8.717231,21.450853,33.699455,36.029564,34.68785,23.982782,18.55437,16.198666,16.91511,17.495071,14.531225,13.103477,13.837634,13.98298,10.868784,3.229236,3.1162126,72.89719,191.30989,228.01286,205.01686,217.97166,217.6943,212.79953,231.58191,245.22488,233.13002,229.23648,233.56905,234.83348,235.71307,231.63248,223.11183,202.6199,176.42374,176.42374,956.78906,0.0,0.0,4.0,1.0
2024-08-10 12:00:00,12.5815,1008.2,9.740774,3.2397335,7.8023114,19.738459,32.28049,31.108189,33.03893,26.119566,23.974026,18.003126,15.111262,14.7006,14.37996,14.5672455,15.602476,15.667731,10.396267,4.2349114,4.3465586,86.186005,143.13002,221.63345,203.19861,218.48022,215.6765,221.82008,240.25522,251.07526,239.74365,232.12495,226.84758,230.3322,232.54935,231.46979,223.87679,210.17343,205.34613,206.56499,957.5759,0.0,19.0,4.0,1.0
2024-08-10 13:00:00,14.6315,1007.6,8.195949,1.4488529,6.887768,21.450853,31.490477,30.563583,30.294538,28.131634,26.439083,17.446497,15.631837,14.93182,15.06563,15.782129,14.933245,11.982841,9.04579,5.42004,5.3623214,71.564964,153.43501,221.18582,205.01686,216.6342,212.00534,228.46832,241.07367,252.89719,238.67136,227.29063,224.09071,233.74606,239.0363,230.52756,223.53127,220.31403,221.98714,223.53127,957.35547,0.0,25.0,18.0,1.0
2024-08-10 14:00:00,15.481501,1008.1,9.740774,5.223913,8.297766,21.155237,29.337032,26.58951,25.203377,29.833706,25.26992,17.25291,14.424024,14.457915,14.799609,16.535236,14.398527,12.593205,10.207557,6.273633,6.328685,86.186005,187.12492,218.65984,207.3498,223.21011,226.97493,223.95847,235.6196,247.3801,235.71307,229.9698,225.9391,231.66663,233.47105,227.54485,224.9999,222.5104,222.39738,222.5104,957.97406,0.0,21.0,29.0,1.0
2024-08-12 15:00:00,18.4315,1016.0,9.163349,7.156805,4.67241,10.058838,16.846615,30.972937,32.280495,36.01208,27.49005,24.698586,22.44408,20.975355,17.69745,14.162638,10.954778,8.61394,7.483791,4.754018,4.745518,81.86999,5.19435,326.3099,345.06854,337.3801,15.780828,10.407656,8.275804,8.130019,4.5139127,10.203924,12.926001,21.476864,7.989236,338.19852,326.3099,324.09018,323.61554,325.0079,965.9774,11.0,0.0,0.0,1.0
2024-08-12 16:00:00,19.6815,1016.1,7.8826113,8.247014,6.479467,8.644687,17.386234,26.573715,29.81259,31.749388,25.278225,22.068268,20.056114,18.79801,14.858592,11.658471,9.041116,8.76593,8.130122,5.42004,5.504878,80.53775,44.999897,323.13,347.00537,333.43503,358.60284,358.75467,360.0,1.4687687,3.3664,7.59456,11.3098955,24.702421,7.274921,323.13,318.01285,316.04153,311.98712,312.1375,966.2796,19.0,0.0,0.0,1.0
2024-08-12 17:00:00,21.5315,1015.9,6.511783,3.3038929,7.3877287,7.5840216,17.118551,23.762953,28.3398,29.508263,22.825756,20.086346,18.247248,17.746859,13.162627,9.599327,8.026378,7.65109,6.856204,4.1526723,4.132661,95.7105,78.6901,322.12497,340.0168,330.5242,348.9965,349.46088,351.15826,353.4803,360.0,6.9528637,10.885482,25.513834,1.4687687,327.6526,325.40765,322.43134,320.90613,318.81415,966.3929,1.0,0.0,0.0,1.0
2024-08-12 18:00:00,22.5815,1016.1,6.978599,2.336205,7.5562916,8.297766,18.89073,24.390696,27.914396,27.059046,22.001583,18.188728,16.839943,16.639526,10.244937,7.471347,7.6849484,7.785545,7.312541,5.1474223,5.233949,111.801476,56.3099,329.03632,308.65982,329.03632,343.0091,338.19852,343.3007,346.373,355.91446,4.5139127,9.272532,18.435053,342.75845,331.9276,329.8587,329.03632,329.42084,328.67136,966.7537,2.0,0.0,1.0,1.0
2024-08-12 19:00:00,23.5815,1016.4,6.6077857,2.336205,5.4980097,8.717231,18.257845,26.95022,30.721146,27.313854,22.37997,17.044815,15.487589,14.658516,8.1397295,7.002868,7.179722,7.114384,6.7825313,4.754018,4.8596,101.3099,146.3099,315.0001,311.98712,332.52567,332.81897,332.3541,337.69376,337.8905,351.2539,3.2704222,10.539137,5.7105074,341.56494,331.8215,328.73633,326.3099,323.61554,323.13,967.2007,0.0,0.0,17.0,1.0
2024-08-13 11:00:00,9.0815,1018.4,7.008615,5.7954116,11.147696,12.861375,18.790455,20.865492,20.128107,15.818395,13.294755,11.536363,9.729235,8.071357,8.537447,8.4164,12.883591,13.528615,13.801327,3.7142632,3.584264,56.3099,333.43503,305.53775,310.91428,313.60287,306.15826,303.17853,304.9921,316.9749,321.8427,309.47244,318.36655,304.69522,285.25516,270.0,264.47256,268.26434,220.60121,220.60121,966.64886,3.0,0.0,1.0,1.0
2024-08-13 12:00:00,12.8815,1018.7,8.247014,4.9346147,11.947547,13.357763,17.874405,19.833944,21.25423,17.106281,12.3790045,9.63242,9.064605,7.5982585,7.640896,8.720235,10.998992,11.36875,11.771836,2.626381,2.4893298,44.999897,336.8014,310.60123,309.09384,313.53125,308.36752,307.56866,307.30402,312.8789,317.72638,313.0251,318.57642,302.00534,286.38962,279.46225,276.58185,276.11542,237.52882,231.34016,967.6007,1.0,0.0,1.0,1.0
2024-08-13 13:00:00,17.481499,1018.5,9.7192,7.1274137,12.052505,14.225345,18.349594,18.003126,21.095615,17.434462,13.294755,10.079684,10.351278,9.7192,9.135468,10.921104,11.158089,11.730207,10.759709,3.4243815,3.3045282,53.13002,360.0,323.74606,300.06848,312.1375,300.25635,312.5104,311.98712,316.9749,315.0001,309.8055,316.3971,304.15976,292.5206,276.98096,268.93912,262.18478,241.92761,241.92761,968.195,0.0,0.0,0.0,1.0
2024-08-13 14:00:00,20.981499,1018.5,11.590823,6.6077857,11.315902,15.455938,17.874405,17.446499,19.243034,16.519464,12.44665,9.63242,10.074175,9.953294,9.023075,10.987427,11.70554,12.9314,9.850356,4.5042057,4.3465586,63.435013,348.6901,336.3706,303.02386,313.53125,291.80148,315.0001,318.1799,321.34018,312.27362,307.87503,315.0001,308.92755,304.046,280.0079,262.27826,252.71841,243.43501,243.43501,968.7761,0.0,0.0,0.0,1.0
2024-08-13 15:00:00,23.3815,1018.5,12.580849,7.244264,10.467898,16.094662,17.434462,19.823357,19.330107,16.494028,11.536363,9.7192,11.150068,11.14073,9.545156,9.897435,11.112208,10.3546915,9.277067,5.479603,5.3482094,78.11137,10.304792,338.19852,310.10083,311.98712,281.3099,309.55963,315.0001,321.8427,306.86996,303.6901,313.7812,315.0001,304.8754,274.66678,260.34018,255.65063,252.89719,250.9064,969.1669,0.0,0.0,0.0,1.0
2024-08-13 16:00:00,25.231499,1018.3,11.034134,5.867407,8.423307,16.353436,16.595531,19.492321,18.349594,15.577695,10.627115,9.34482,11.671738,11.614594,9.926962,9.133937,9.7428255,9.775909,9.199038,5.845064,5.834759,93.366394,6.3401003,337.3801,303.6901,308.65982,285.4222,312.1375,315.0001,322.43134,303.6901,299.4758,313.83093,315.0001,297.25525,273.9908,271.273,271.3019,271.97488,271.90912,969.27356,0.0,0.0,0.0,1.0
2024-08-13 17:00:00,26.5315,1017.7,11.185293,3.6653402,6.3815346,15.126468,17.106281,20.744415,17.92132,15.604623,10.547808,9.890476,11.671738,10.911525,9.195111,7.7027617,8.215111,8.082809,7.550625,5.071984,5.0875163,100.00792,44.999897,336.0375,316.73566,307.30402,284.47034,310.60123,311.63345,317.4896,301.60745,299.4758,317.4896,319.7637,296.56497,277.90707,276.17007,274.76355,276.84268,276.58185,968.90857,0.0,0.0,0.0,1.0
2024-08-13 18:00:00,27.3815,1017.2,9.024853,5.536059,5.573848,14.689967,16.95839,22.163187,18.68964,15.292091,10.627115,9.890476,11.401052,10.792496,8.099333,8.0449295,7.8461313,7.6510906,7.109586,4.436128,4.4750557,111.03758,20.556128,324.46225,318.57642,313.4519,285.25516,303.6901,306.38443,307.56866,301.60745,305.53775,323.8417,306.86996,293.4287,281.6336,276.5197,271.68463,267.3975,267.5105,968.56665,0.0,0.0,8.0,1.0
2024-08-13 19:00:00,28.0315,1017.0,7.5840216,2.336205,6.414345,14.775457,16.494028,21.781033,19.589005,17.106281,11.681025,9.890476,10.973632,10.693169,8.103831,8.0147705,7.7676024,7.4131093,6.910153,4.6373634,4.669264,109.98319,326.3099,315.0001,322.12497,315.0001,292.751,304.21576,307.30402,303.6901,301.60745,310.10083,327.8043,299.98157,287.87878,278.36578,275.04236,273.46817,272.4895,272.3859,968.4782,0.0,0.0,6.0,1.0
2024-08-14 11:00:00,13.1315,1019.8,13.023566,4.9346147,12.173812,19.780952,28.933558,24.113716,20.2425,21.538744,13.66845,8.693117,8.702092,9.479327,7.1327295,6.383237,6.9776387,7.785545,10.138847,4.028684,3.0239055,84.2895,23.198618,25.201094,328.39255,325.954,329.30035,320.1945,316.2188,328.5705,333.43503,336.0375,315.0001,299.4758,297.5527,294.90472,292.98874,284.32275,233.13002,224.9999,968.6887,0.0,0.0,1.0,1.0
2024-08-14 12:00:00,16.1815,1020.2,13.622299,5.1835737,13.729744,20.865492,27.680294,22.11578,17.626055,18.349594,11.681025,7.8291693,7.9643345,9.998331,7.428069,6.8939514,5.8940864,6.5733256,9.859221,3.248029,2.2163186,87.27374,360.0,19.290138,323.8417,327.42596,328.17258,323.97253,317.86246,326.3099,335.55606,340.55988,320.44037,289.0936,267.95465,265.60138,277.59454,274.8644,240.25522,232.12495,969.59155,0.0,0.0,3.0,1.0
2024-08-14 13:00:00,19.6815,1019.9,11.091061,7.8023114,13.357763,21.392056,29.1576,24.390697,16.896383,18.349594,12.44665,8.118749,7.31279,10.324419,7.871137,8.119838,7.4039235,9.145171,10.250266,3.2229471,2.9222324,96.70974,4.763556,22.833694,324.86572,323.13,320.38934,327.52884,317.86246,321.34018,331.38962,334.98312,324.24603,292.16638,270.0,257.66092,265.91446,272.33725,270.0,273.814,969.8933,0.0,0.0,0.0,1.0
2024-08-14 14:00:00,22.6315,1020.0,7.244264,8.644687,10.686212,21.781033,30.065002,26.119566,14.775457,16.042406,12.3790045,8.118749,6.914979,9.202762,7.244264,7.6435847,8.941682,9.644748,7.1555233,3.6481287,3.3273182,116.56499,12.99463,14.036275,329.62094,322.88306,313.995,322.12497,316.63654,317.1211,331.38962,333.43503,326.88864,296.56497,273.6913,253.85559,262.23492,263.29025,263.6599,263.29025,970.4727,0.0,0.0,0.0,1.0
2024-08-14 15:00:00,24.981499,1020.3,5.9737735,7.8291693,11.034134,20.895653,31.696447,30.239054,15.604623,16.094662,13.294755,7.244264,6.0088825,8.112997,6.8299575,6.9289913,8.22754,6.953435,5.7810717,3.5178971,3.1643424,130.60121,24.443953,3.3664,330.25522,319.1447,315.0001,311.63345,310.10083,316.9749,333.43503,323.97253,321.70978,288.43503,263.88458,254.05453,255.52966,257.4712,256.75946,259.3804,971.13727,0.0,0.0,0.0,1.0
2024-08-14 16:00:00,26.5815,1020.1,7.5840216,4.717123,10.387376,19.449196,33.449364,32.53312,15.685129,13.745025,12.580849,6.7647614,6.2477384,8.057428,7.2039056,7.398057,7.581207,7.539299,6.84664,4.7880363,4.432637,109.98319,15.945477,356.42374,330.01843,315.78473,314.19315,321.70978,315.0001,325.4914,343.3007,315.0001,315.0001,282.99463,266.186,259.69522,258.3664,257.66092,255.37909,254.74483,971.2014,8.0,0.0,8.0,1.0
2024-08-14 17:00:00,27.5815,1020.0,5.060625,2.671553,11.947547,18.89073,33.953888,32.124043,17.92132,15.126468,11.334437,4.717123,5.0370874,6.234054,7.6361246,8.179271,8.22754,8.175652,7.469182,5.2295365,4.8596,129.80553,345.9637,347.4712,337.8336,318.09415,311.72943,319.39877,313.26434,329.03632,344.05453,307.87503,306.25394,261.87,254.29129,254.05453,253.0091,252.07199,254.3577,253.73972,971.2641,0.0,0.0,23.0,1.0
2024-08-14 18:00:00,28.3315,1019.0,7.1274137,6.671019,16.003103,17.685503,33.30471,31.616877,19.833944,14.689967,10.447826,5.223913,5.657568,5.2351294,6.7494445,7.173695,7.8036923,7.75215,7.5041943,5.2295365,5.2339487,90.0,29.054508,328.24057,331.55716,322.90707,314.16977,308.36752,311.42358,330.25522,352.87506,321.34018,309.8055,270.0,264.09396,259.9921,258.6901,257.125,254.3577,254.93146,970.42975,0.0,0.0,26.0,1.0
2024-08-14 19:00:00,28.6815,1018.6,5.83152,5.7954116,17.25291,17.506556,32.917988,31.775824,22.454882,15.126468,9.7192,4.0979743,6.0088825,3.9227695,5.4063005,5.6806374,5.7225695,5.53725,5.1240673,3.3221378,3.3947709,90.0,26.564985,325.71307,321.009,323.8067,320.79282,313.83093,313.26434,323.13,341.56494,323.97253,289.9832,267.13766,265.03033,260.9098,258.6901,258.23172,255.96373,256.75946,970.1034,0.0,0.0,29.0,1.0
2024-08-15 11:00:00,13.531501,1018.1,8.448192,7.008615,12.328027,25.002684,48.162098,58.451828,56.255806,38.491524,15.181876,4.5816746,2.379068,2.7020237,1.7287011,2.472829,2.0467696,3.0715137,7.5737324,1.8129078,1.7494559,85.60138,56.3099,356.98727,328.78165,317.72638,324.01923,327.22513,323.9016,309.8055,278.13,291.80145,277.1249,321.34018,354.2895,6.3401003,8.130019,332.02063,270.0,270.0,967.143,0.0,0.0,39.0,1.0
2024-08-15 12:00:00,16.5815,1018.3,9.094364,7.008615,13.10391,24.800365,50.87516,61.168365,60.450333,45.47182,15.292091,3.4892995,1.3253455,1.9542134,0.0,1.1003945,0.2260279,0.48564896,5.353398,1.4664632,1.4151368,85.91447,56.3099,8.530692,326.7251,316.5481,323.61554,329.03632,327.21573,323.61554,291.80148,270.0,239.03632,270.0,26.564985,360.0,26.564985,321.34018,285.94547,285.94547,967.8534,0.0,0.0,4.0,1.0
2024-08-15 13:00:00,19.481499,1018.8,12.328027,5.060625,12.763069,24.800365,53.654522,60.130005,60.578682,48.785694,16.237497,2.7490048,1.592867,2.883025,1.9090312,0.69595057,0.4520558,0.89549243,3.5960314,1.7328025,1.6721544,86.98728,50.194473,23.962492,326.7251,317.44708,322.88306,327.66983,329.68887,331.38962,315.0001,236.3099,215.53777,188.13002,135.0001,270.0,284.03625,324.46225,324.46225,324.46225,968.81415,0.0,0.0,3.0,1.0
2024-08-15 14:00:00,22.5315,1017.8,12.958933,1.2958934,9.63242,26.119566,57.419193,58.591724,57.97222,46.656662,17.386234,2.336205,1.8743215,2.4167638,3.2397332,2.460557,1.5162413,0.4343776,0.6609637,0.4028684,0.38876802,90.0,270.0,42.27363,330.25522,319.1183,321.73596,332.00293,332.72333,333.43503,326.3099,224.9999,213.6901,180.0,126.86999,116.56499,90.0,341.56494,360.0,360.0,968.3632,0.0,0.0,2.0,1.0
2024-08-15 15:00:00,25.6815,1017.8,12.580849,0.6479467,4.148883,24.078869,59.40297,58.3152,55.132607,44.23156,16.519463,1.94384,2.9635625,2.8634784,4.5975556,4.523679,4.0433097,3.4340565,3.3048184,2.4339385,2.3487508,101.88863,360.0,51.34017,336.19403,320.75458,323.13,330.42224,328.17258,334.44006,270.0,206.56499,200.55612,183.3664,157.61981,153.43501,161.56496,161.56496,155.55606,155.55606,968.86926,0.0,0.0,0.0,1.0
2024-08-15 16:00:00,27.2815,1017.4,11.590823,1.94384,3.2397332,22.314215,60.231163,58.49132,55.383335,43.562065,14.21058,3.2397335,4.505308,3.3681638,5.4063005,5.0185714,4.831925,4.6429667,4.4338794,3.0482528,3.1643424,116.56499,360.0,270.0,334.17905,319.7999,320.84457,331.33615,329.62094,335.77228,233.13002,191.30989,174.2895,182.86235,168.69011,169.21574,169.21574,171.86998,172.40546,169.3804,968.7415,0.0,0.0,0.0,1.0
2024-08-15 17:00:00,28.4315,1017.0,9.001563,4.5356264,6.7647614,17.626055,58.405125,55.591408,51.302483,42.240955,16.846615,3.7781458,5.3197575,4.9822865,5.426486,5.4188147,5.198642,5.2170544,5.033749,3.447998,3.5043075,149.74365,360.0,286.6993,323.97253,326.3099,319.2539,332.14044,327.52884,337.3801,239.0363,184.76355,160.34608,174.2895,177.39749,180.0,182.3859,184.76355,186.70975,183.17976,968.5407,0.0,0.0,11.0,1.0
2024-08-15 18:00:00,29.1815,1016.2,5.573848,7.8291693,7.8291693,20.180183,55.22772,52.43166,46.131798,40.256214,17.827368,3.7781458,5.8941045,5.299105,5.3042216,5.5019727,5.668751,5.6635914,5.0554004,3.7142632,3.584264,125.537766,24.443953,335.55606,312.3974,328.92102,320.01315,330.55466,326.82147,340.9064,239.0363,192.99461,161.56496,165.2564,169.6952,175.42616,175.60138,172.87508,167.4712,167.4712,967.8954,0.0,0.0,22.0,1.0
2024-08-15 19:00:00,29.6815,1015.9,7.008615,9.277185,8.448192,23.72759,49.34615,49.99277,42.05169,37.210423,17.00783,4.148883,5.8941045,5.4557624,5.695187,5.905337,5.915716,5.963801,5.577218,3.9575546,3.8190398,123.6901,24.775122,355.60138,304.9921,330.06857,317.62646,326.3099,324.92618,342.25522,231.34016,192.99461,169.3804,174.55975,180.0,186.58185,190.49142,192.99461,194.7436,194.7436,967.68713,0.0,0.0,24.0,1.0
2024-08-16 11:00:00,12.981501,1013.1,4.5816746,5.060625,3.2397335,11.89472,16.029316,19.4384,7.3877287,13.357763,15.070855,14.2548275,16.932407,21.052858,19.487085,17.71772,17.998692,18.564243,17.7712,2.8487098,2.889726,135.0001,309.8055,323.13,299.35767,255.96373,233.13002,217.87505,219.09386,205.4633,180.0,172.50424,166.18495,169.6242,180.7957,187.21417,186.04399,181.34785,135.0001,132.27362,962.2986,0.0,0.0,0.0,1.0
2024-08-16 12:00:00,16.1815,1012.7,4.9346147,7.156805,4.148883,11.681025,16.25042,23.072725,13.023566,14.560791,16.003101,16.198666,17.432198,20.900251,21.288906,19.782633,18.601698,18.564243,17.257355,4.472565,4.4750557,113.198616,5.19435,321.34015,289.44012,246.50142,218.15727,185.7105,212.27562,201.37068,180.0,171.25392,164.18074,167.55002,174.2895,175.12082,173.95601,168.8262,144.16226,145.6196,962.46356,0.0,0.0,0.0,1.0
2024-08-16 13:00:00,18.5815,1013.1,7.8023114,7.77536,5.4980097,10.244937,17.25291,25.211704,23.469627,19.876232,17.289373,16.846615,18.199053,21.378456,23.085863,22.232327,20.363848,19.765373,15.676131,6.3219543,6.2807393,94.76356,360.0,315.0001,288.43503,235.71307,205.90645,186.3401,199.0257,192.99461,180.0,174.4279,166.39944,169.21574,174.92049,171.06052,167.94923,163.73972,157.52052,158.19853,963.2449,5.0,0.0,0.0,1.0
2024-08-16 14:00:00,21.3815,1012.7,6.6077857,5.867407,6.1127167,11.015093,19.26484,27.244598,23.469627,21.732792,16.846615,21.392056,20.932255,22.544563,24.245447,22.28129,19.286684,16.06757,10.643363,5.872766,5.921538,101.3099,353.6599,327.99466,298.0724,227.72638,205.34613,186.3401,190.3048,180.0,178.26433,172.72508,168.85715,172.32112,173.6599,169.8754,166.71512,160.49747,157.8336,156.80138,963.32446,1.0,8.0,0.0,1.0
2024-08-16 15:00:00,22.1315,1012.7,3.4892995,3.3038929,7.3877287,10.861566,22.01112,33.04528,25.278225,24.656054,18.968357,21.538744,20.002522,21.47282,24.04167,22.309803,16.670994,13.544294,11.771836,6.94583,6.8889866,111.801476,348.6901,344.7448,287.3541,227.38597,208.07239,181.46877,183.01273,187.85323,186.91113,173.6599,177.31628,178.06946,173.03185,167.4712,164.18074,163.49556,163.14153,163.61038,963.4461,99.0,99.0,0.0,1.0
2024-08-16 16:00:00,22.0815,1012.5,4.5816746,2.336205,6.6077857,10.244937,22.454882,37.02379,31.769217,27.891827,20.345938,21.313408,21.498032,19.784903,22.512003,20.315619,14.58712,12.071087,9.616965,5.4536242,5.456619,98.13002,56.3099,348.6901,288.43503,223.83095,212.85571,191.76826,177.33705,189.16228,199.53674,189.46225,181.94144,174.49461,168.8262,167.4712,171.7242,178.75467,184.23631,184.08554,963.2478,85.0,99.0,0.0,1.0
2024-08-16 17:00:00,23.981499,1012.5,7.156805,6.146962,5.223913,12.3790045,23.371033,36.69919,36.128475,33.749252,23.33508,20.002565,16.723644,16.760592,22.570208,19.40099,15.958595,14.117272,12.175015,7.387447,7.3197904,95.19434,108.43504,7.12493,276.0089,223.87679,222.13753,212.54999,183.3018,181.59111,204.90474,192.20045,181.14574,173.1301,164.55362,164.38895,165.74994,168.11136,168.9965,169.28693,963.55347,2.0,29.0,15.0,1.0
2024-08-16 18:00:00,24.3815,1011.3,7.8826113,5.536059,3.4892995,10.447826,25.673738,33.47446,45.825916,35.073017,22.963287,17.697367,15.512772,17.54316,21.444124,18.129814,16.154276,15.042579,12.756771,7.5208097,7.4401093,99.46225,110.55613,21.801476,262.8751,227.04541,227.35333,226.14568,205.14474,196.38962,203.7495,199.9832,186.58185,169.11452,161.81087,162.07199,162.3498,161.86183,159.62347,160.1447,962.47534,0.0,3.0,16.0,1.0
2024-08-16 19:00:00,23.3815,1010.9,6.978599,4.5816746,2.8977058,11.315902,25.303127,28.406384,52.359543,36.544426,23.36205,16.25042,15.836506,15.776744,22.344637,19.062569,16.117865,14.288318,12.232294,6.8398705,6.7895417,111.801476,171.86998,63.435013,256.75946,230.19447,224.9999,220.98572,217.07315,199.44012,203.49858,210.1413,192.26476,168.14702,156.41296,157.75093,160.46326,163.11313,166.37299,166.75948,961.935,1.0,44.0,15.0,1.0
2024-08-18 16:00:00,16.8815,1012.1,11.034134,0.6479467,5.573848,19.41679,16.029316,7.8826113,8.644687,9.805212,5.060625,13.10391,18.575861,21.451885,25.37791,26.36932,24.189209,23.239202,21.111557,10.677913,10.503934,86.633606,270.0,324.46225,295.7099,284.03625,279.46225,167.00539,187.59456,320.1945,351.4693,357.27374,359.10486,360.0,3.2094285,1.0708009,360.0,359.43274,358.9191,357.87894,962.01105,1.0,0.0,36.0,1.0
2024-08-18 17:00:00,17.6815,1011.9,7.5840216,3.2397335,5.7954116,18.565678,18.326698,11.823917,7.9091973,9.34482,7.8023114,14.775457,19.12461,21.449268,24.715872,23.872475,23.285261,22.591812,20.910912,11.296491,11.280974,109.98319,216.86998,296.56497,299.24872,278.13,279.46225,235.0079,236.3099,318.36655,344.7448,353.36758,360.0,6.2709923,1.1811631,358.8876,358.89832,358.28168,356.93356,358.0251,961.95447,0.0,0.0,19.0,1.0
2024-08-18 18:00:00,18.6315,1012.2,7.244264,6.887768,6.511783,18.68964,20.345938,11.947547,9.001563,7.3306804,8.448192,16.029316,19.180658,20.443834,24.37138,23.86867,23.734005,23.243261,21.74661,11.726517,11.703466,116.56499,228.81418,275.7105,303.6901,279.16226,282.5288,210.25635,224.9999,327.52884,345.9637,352.0566,360.0,4.4473047,0.5906523,359.45435,358.9292,358.34772,355.07297,355.23645,962.3974,34.0,0.0,33.0,1.0
2024-08-18 19:00:00,18.3815,1012.5,5.060625,6.978599,9.805212,16.003103,22.370586,11.947547,7.244264,7.244264,9.209053,17.00783,19.073517,18.445148,23.23221,23.621347,23.055954,22.3715,20.484543,10.884905,10.892445,129.80553,248.19853,277.59454,301.75943,280.0079,282.5288,243.43501,243.43501,320.7106,342.25522,346.60748,357.91748,1.997835,360.0,359.4383,359.44376,359.41537,357.87894,357.95462,962.6412,6.0,0.0,37.0,1.0
2024-08-19 18:00:00,12.0815,1020.7,6.479467,4.5816746,11.823917,20.744415,33.91678,30.8915,38.49698,40.318737,36.567394,35.519062,27.447418,25.648981,24.249956,17.96375,18.087883,17.821396,16.962444,10.723415,9.574275,143.13002,278.13,279.46225,268.2101,276.58185,279.65982,313.63614,315.0001,299.74478,308.33337,326.82147,353.24652,11.5601,0.7848072,358.56793,357.9048,356.46777,354.61078,354.17374,969.3611,0.0,0.0,43.0,1.0
2024-08-19 19:00:00,13.281501,1021.2,5.867407,4.3465586,11.66304,24.009024,31.914253,30.64589,42.63174,50.87516,41.15354,38.660213,28.19108,26.218523,23.710443,18.960663,18.794325,18.523544,17.618122,11.344878,9.767674,186.3401,243.43501,270.0,266.906,275.82623,283.44864,316.8476,316.5481,303.43988,309.55963,327.8043,355.60138,7.853233,357.76886,356.55267,355.29224,355.23645,353.88458,354.2895,970.0446,0.0,0.0,50.0,1.0
2024-08-20 11:00:00,4.6815,1024.7,4.9346147,2.336205,4.3465586,14.21058,24.630497,44.85832,58.674065,62.95762,55.73848,44.7271,38.016346,30.898825,26.470217,25.647692,25.098257,25.010685,23.374205,8.994889,4.8596,66.80139,326.3099,296.56497,294.22772,324.63745,349.17703,6.3401003,8.8805895,1.3321922,358.33975,358.00217,356.26868,1.753369,3.8505647,1.5481218,357.01343,347.08218,325.954,323.13,971.82965,0.0,0.0,50.0,1.0
2024-08-20 12:00:00,6.3315,1024.8,7.3877287,0.91633505,5.060625,15.360573,25.161697,46.45827,65.05656,64.54147,56.375084,46.00421,38.437557,31.503613,27.333166,26.932705,26.921053,25.860065,21.819813,9.019665,6.346571,74.74483,135.0001,309.8055,297.64587,325.4914,351.983,5.1426864,6.3401003,0.6585307,360.0,0.6585307,360.0,3.964588,5.241738,2.4059253,358.07486,350.628,336.29733,332.6502,972.2273,1.0,0.0,8.0,1.0
2024-08-20 13:00:00,8.731501,1024.9,7.156805,2.0489872,6.1127167,13.482897,24.113716,45.81675,65.5996,62.47563,55.090714,46.65666,38.87931,31.505396,27.558899,25.3867,24.864096,22.654366,17.59331,8.157464,5.8476963,84.805664,251.56496,302.00534,305.21768,329.30035,351.87,3.964588,5.3557334,358.65213,359.20428,0.6510448,359.3905,2.2457027,3.3337927,359.47916,355.60138,350.42584,339.77505,338.5522,972.75604,0.0,0.0,5.0,1.0
2024-08-20 14:00:00,11.1815,1025.1,7.8023114,5.536059,5.573848,12.958934,23.008951,46.872124,65.70193,61.18552,56.375084,47.317856,39.328506,31.845816,28.141216,25.4629,23.960022,20.489552,14.397787,10.515174,7.9317255,94.76356,249.44386,324.46225,306.86996,327.6526,354.4471,5.0920334,5.469005,359.34146,358.43066,1.2873042,1.206025,3.8505647,5.5452304,0.54050505,355.13556,346.56894,343.3007,342.8972,973.38153,3.0,2.0,7.0,1.0
2024-08-20 15:00:00,13.6315,1024.5,9.434246,1.2958934,5.9737735,11.947547,23.558899,46.22726,66.24601,59.392365,53.81469,47.304546,39.34091,33.181026,29.013506,27.072838,21.246622,17.323446,15.781676,11.536396,8.816123,105.945465,270.0,347.4712,310.60123,328.4958,354.36942,3.9258335,6.892335,2.0699892,359.21518,1.930544,0.5787131,5.33915,7.8354335,360.0,352.07315,348.54126,347.90527,345.9637,973.24005,0.0,0.0,3.0,1.0
2024-08-20 16:00:00,15.231501,1025.0,11.015093,2.336205,6.511783,10.547808,23.585615,45.374775,65.70193,61.89502,54.6738,46.65666,38.49844,33.181026,28.37979,24.193668,17.52263,16.746088,15.98658,11.823004,9.052954,118.072395,146.3099,5.7105074,312.5104,339.0754,358.36346,5.0920334,6.0089183,5.4402504,0.7957082,3.289178,0.5787131,2.7262611,4.6667724,353.33344,350.2934,348.6901,346.2005,345.06854,973.99097,0.0,0.0,0.0,1.0
2024-08-20 17:00:00,16.5815,1024.4,11.463347,1.4488529,6.671019,11.334437,24.673075,44.713013,65.5996,63.700108,54.892216,46.02246,37.616367,33.206406,27.009924,19.698292,17.926163,17.677889,16.596638,12.392707,9.621517,137.29063,206.56499,29.054508,300.96368,336.8014,359.1697,3.964588,9.366447,7.4604836,1.6135141,3.3664,2.3136766,1.7183301,357.85245,354.93646,354.35956,354.21768,352.52853,351.87,973.65125,0.0,0.0,0.0,1.0
2024-08-20 18:00:00,17.8315,1024.0,9.277185,6.887768,3.6653402,9.34482,26.119564,43.533146,63.66056,64.05503,56.742523,46.077164,38.085587,32.285427,21.370918,18.34229,18.028471,17.569489,16.494984,12.287487,9.721144,155.22488,221.18582,44.999897,326.3099,336.61475,355.73218,4.085537,7.5562563,6.5568495,3.224455,3.9908433,4.763556,356.3786,353.06573,352.07315,351.46933,351.2539,349.6112,348.4654,973.4825,2.0,0.0,2.0,1.0
2024-08-20 19:00:00,18.4315,1022.9,7.5562916,4.5816746,1.4488529,6.671019,26.565813,44.103233,63.551647,64.78495,58.18907,46.22726,37.2383,30.313475,19.649115,19.457079,18.975578,18.61373,17.462456,12.485671,10.258245,210.96368,224.9999,243.43501,330.9455,347.3196,357.47394,2.3372545,8.048972,7.678872,5.630594,4.763556,5.7105074,347.3004,346.84244,347.61926,348.559,348.9591,349.7779,350.18076,972.5377,3.0,0.0,5.0,1.0
2024-08-21 12:00:00,5.7315,1024.6,7.5562916,0.6479467,9.434246,7.77536,23.762953,49.60073,53.697544,51.388344,41.39766,33.317314,28.33265,21.378456,18.090527,18.513134,15.623745,12.432993,9.698389,6.205351,2.2668877,59.03632,360.0,74.054535,360.0,11.003508,19.855309,19.746927,23.008904,17.300613,13.495748,10.784258,9.019256,359.14493,355.42615,345.7627,332.9874,322.88306,305.75397,300.96368,971.9277,2.0,1.0,13.0,1.0
2024-08-21 13:00:00,10.231501,1024.7,11.072118,3.7781458,8.693117,7.1274137,23.12725,47.552402,53.07233,49.384422,41.209614,34.438843,29.124111,20.95124,17.836931,17.2239,15.404759,13.7533865,10.682285,4.566829,3.584264,69.44387,30.963696,63.435013,360.0,11.3098955,19.916494,17.771418,19.148233,16.44046,11.94416,9.605136,7.3522935,2.6025116,360.0,345.5559,338.70258,329.42084,311.42358,310.60123,972.8336,0.0,3.0,1.0,1.0
2024-08-21 14:00:00,13.6815,1024.9,11.947547,3.88768,10.14197,7.156805,23.647835,48.383877,51.649113,49.384422,42.21113,34.310596,28.68862,21.180517,17.836931,16.00119,14.982769,13.3972225,8.791066,5.252762,4.205169,77.4712,90.0,63.435013,354.80566,9.462261,20.37652,19.798973,19.148233,17.87879,10.885482,9.752367,4.5376954,2.6025116,1.7623575,348.6901,340.09616,331.6071,327.52884,326.3099,973.62866,0.0,0.0,0.0,1.0
2024-08-21 15:00:00,16.6315,1025.1,11.66304,3.7781458,10.14197,7.156805,24.528011,49.40142,53.27367,51.023487,43.533142,35.371006,26.803452,19.799091,16.470856,13.781316,10.233849,8.324312,6.678677,4.9052434,4.118923,90.0,120.96369,63.435013,5.19435,12.200457,16.771315,18.435053,17.744766,14.656797,8.426887,8.530692,2.9107854,0.93916947,1.0230169,353.6599,344.87595,339.8636,340.8209,340.70987,974.32513,1.0,0.0,0.0,1.0
2024-08-21 16:00:00,18.5315,1024.7,11.315902,3.4892995,9.277185,6.3815346,24.528011,50.829754,54.918976,51.839787,44.501247,36.01208,26.24794,18.48165,15.410032,12.059238,7.737949,7.071155,6.3946314,4.7880363,3.8190398,103.24053,111.801476,65.22488,23.962492,12.200457,17.049126,19.290138,18.208578,16.06006,8.275804,6.7660856,4.1595626,3.0127327,1.1691146,353.29025,349.3804,348.6901,345.3791,345.25638,974.2656,5.0,0.0,0.0,1.0
2024-08-21 17:00:00,20.0815,1024.4,11.89472,5.4980097,10.447826,5.9737735,24.528011,46.118145,55.746014,52.965427,44.68484,36.111042,26.19956,18.147404,14.349515,8.871665,8.026378,7.8489046,7.6683183,6.136309,5.131885,119.357666,135.0001,60.255207,12.528798,12.200457,24.044224,19.69872,14.886319,16.858482,9.2932415,5.8066354,4.23632,4.3159466,356.82022,350.2725,345.5792,342.5527,336.8014,335.37646,974.23926,18.0,0.0,0.0,1.0
2024-08-21 18:00:00,20.8315,1023.4,11.947547,5.9737735,9.277185,6.1127167,24.528011,44.520115,56.356464,53.59189,44.463497,36.221325,26.158558,17.79111,10.532594,8.98019,8.606885,8.324312,7.6683183,5.7329183,4.800931,130.60121,130.60121,65.22488,32.005356,12.200457,21.336927,19.476671,14.708352,18.699081,10.304792,4.84392,3.2396317,358.53122,350.53775,346.32867,344.87595,342.5527,341.56494,338.6293,973.4123,19.0,0.0,0.0,1.0
2024-08-21 19:00:00,21.3815,1022.7,10.783982,5.7954116,6.3815346,5.573848,25.632824,46.56659,56.356464,53.13558,43.077488,35.707684,26.24794,17.79111,9.01095,8.594356,8.663092,8.534165,7.809448,6.11644,5.2339487,147.26479,153.43501,66.03751,35.537766,16.144413,21.2093,19.476671,15.561579,21.161337,11.513804,6.7660856,3.2396317,351.38443,346.75946,344.87595,345.25638,344.47583,342.75845,344.93146,972.8369,11.0,0.0,0.0,1.0
2024-08-22 11:00:00,6.2315,1021.1,4.717123,2.0489872,1.8326701,9.434246,26.20782,36.01208,36.653397,33.20371,25.673737,20.744415,18.743214,16.19828,9.445365,10.040158,11.518556,10.3546915,9.281775,5.0358553,2.7074556,105.945465,108.43504,315.0001,15.945477,351.4693,351.72418,351.87,354.40076,349.82455,358.21014,351.87,335.55606,329.03632,306.02747,285.94547,279.65982,277.76508,253.73972,248.96242,968.69867,0.0,0.0,2.0,1.0
2024-08-22 12:00:00,9.981501,1022.0,6.6077857,1.4488529,2.671553,7.8023114,26.848772,36.47543,37.294945,33.848625,26.95022,21.38224,18.199053,15.794533,8.228788,10.453748,14.982769,15.036305,15.781676,7.866257,3.88768,101.3099,116.56499,14.036275,4.763556,351.67444,347.692,352.01077,354.50775,350.31128,360.0,354.4279,342.7184,318.991,296.56497,281.3099,280.82297,281.4587,272.9356,270.0,970.2261,0.0,0.0,3.0,1.0
2024-08-22 13:00:00,14.6815,1021.8,6.6077857,3.2397335,3.6653402,7.8023114,25.303127,36.221325,37.02379,33.1024,26.20782,19.481548,17.50482,14.7958,7.2543187,9.69347,18.17523,19.388283,16.260244,6.561315,5.532266,101.3099,126.86999,44.999897,4.763556,357.0644,349.69522,355.9859,356.6336,351.4693,356.186,349.82455,346.90808,315.0001,293.9625,280.75092,282.9465,287.96924,287.87878,288.43503,970.85596,0.0,0.0,0.0,1.0
2024-08-22 14:00:00,18.3315,1022.0,9.740774,6.414345,4.0979743,8.423307,24.3993,36.938644,36.429356,32.403812,25.476748,17.54249,16.0811,14.203183,7.564197,9.143874,15.623745,15.543801,10.138847,5.5713954,4.575256,93.814,135.0001,71.564964,360.0,349.28693,344.7448,354.89792,358.85425,352.69434,355.76367,344.05453,340.70987,304.82455,293.80594,284.2373,285.3956,284.32275,282.5288,282.26477,971.6651,0.0,0.0,0.0,1.0
2024-08-22 15:00:00,20.1315,1021.4,10.547809,6.3815346,3.2397332,7.244264,24.3993,35.87191,36.111042,32.42324,24.698586,16.896383,15.656787,13.070648,8.211054,9.337158,10.470729,9.541488,8.281851,5.099907,4.3160257,100.619606,156.0375,90.0,10.304792,349.28693,343.20154,350.70676,357.70944,355.48608,355.60138,343.61038,337.3801,297.4075,288.43503,283.7363,281.82147,280.17545,279.09018,277.76508,971.3942,0.0,0.0,0.0,1.0
2024-08-22 16:00:00,21.6315,1020.4,9.566818,6.511783,3.3038929,5.9737735,25.567225,37.736984,37.881336,33.273182,23.469627,15.029011,14.948947,13.190408,8.477474,7.236715,6.8408456,6.5481615,5.867333,4.048777,3.7137012,118.30067,174.2895,101.3099,12.528798,351.2539,344.05453,347.15228,353.29025,353.6599,352.5687,341.02948,332.78397,307.23492,287.81897,277.59454,275.7105,274.08554,275.7105,276.0089,970.6899,0.0,0.0,0.0,1.0
2024-08-22 17:00:00,23.1315,1020.0,8.297766,5.223913,1.8326701,4.5356264,24.052702,36.47543,35.690037,31.430426,20.744415,13.357763,14.850705,13.675387,8.264142,5.848677,5.4293766,5.2170544,4.8480687,3.5178971,3.2058632,141.34016,187.12492,135.0001,360.0,355.36462,347.692,344.19742,345.67725,345.52966,337.1663,329.62094,323.97253,308.36752,284.6209,272.3859,267.6141,262.5687,256.75946,255.96373,970.5537,0.0,0.0,0.0,1.0
2024-08-22 18:00:00,23.8815,1019.5,10.244937,3.2397335,6.7647614,4.3465586,23.263,34.578747,36.77347,30.64589,19.330107,13.11992,15.462363,14.317393,6.7061086,4.668579,4.571131,4.3654413,4.1855235,3.2229471,3.1101441,145.30478,143.13002,253.30067,333.43503,347.125,347.00537,345.71887,346.55136,346.42953,327.09476,323.13,327.42596,310.10083,288.43503,278.53067,275.7105,272.86234,270.0,270.0,970.1991,0.0,0.0,0.0,1.0
2024-08-22 19:00:00,24.8815,1019.1,7.8023114,3.3038929,4.5356264,7.3877287,23.154463,36.267654,34.892998,28.487555,19.056683,14.775457,16.292109,13.679493,5.8154993,5.5019727,5.668751,5.6469088,5.43841,4.2349114,4.0866895,138.36655,168.69011,270.0,307.87503,342.072,341.24124,344.93146,342.80136,342.18103,322.12497,319.39877,329.03632,291.80148,280.30478,274.57382,270.0,267.79745,267.27374,267.27374,969.9789,0.0,0.0,0.0,1.0
2024-08-23 11:00:00,13.031501,1019.9,4.717123,3.7781458,8.195949,17.25291,23.982782,29.013254,34.730183,32.189323,23.36205,17.92132,17.070164,14.092032,10.047381,11.836276,15.055902,19.534924,20.277695,5.1592326,3.439004,74.054535,149.03632,251.56496,325.71307,308.4181,299.42737,306.65622,310.10083,289.44012,282.5288,280.4374,272.72626,239.30035,249.30446,262.23492,261.68982,255.67725,231.34016,222.70937,968.76654,86.0,0.0,50.0,1.0
2024-08-23 12:00:00,14.8315,1020.0,6.7647614,3.7781458,8.118749,16.198666,23.19975,26.660465,28.700455,31.108189,22.144236,17.155298,17.682314,14.415125,11.533456,11.520032,15.279887,19.352974,18.574139,5.272038,3.9884262,73.300674,210.96368,241.38963,323.13,305.9098,295.94223,298.30066,305.67648,290.55612,280.88547,282.99463,271.33218,237.42595,250.0168,262.34946,260.9606,250.95328,226.54811,223.02507,969.1714,59.0,0.0,9.0,1.0
2024-08-23 13:00:00,16.981499,1020.2,7.8826113,1.2958934,10.725427,14.560791,21.781033,21.781033,25.632822,29.279736,22.981564,20.592066,18.753626,15.08524,11.511314,10.346049,15.159042,18.157038,13.682108,5.761159,5.1318846,80.53775,270.0,244.98314,327.72437,300.37906,292.751,290.72565,294.86368,291.5015,282.72437,285.0184,271.273,230.71062,244.65385,267.43628,263.1301,251.28816,233.53067,232.69597,969.7271,87.0,0.0,5.0,1.0
2024-08-23 14:00:00,19.1815,1020.0,8.448192,2.0489872,13.9872465,13.866665,23.226877,21.105564,22.963287,26.087399,22.314215,21.105564,20.036644,16.760592,15.012317,12.761731,15.130369,14.916618,9.218015,5.272038,4.8127217,85.60138,161.56496,256.60748,322.59457,300.1413,287.87878,286.38962,284.38144,295.82092,287.87878,284.03625,268.85425,232.3057,236.0035,256.17133,253.93994,237.0306,226.54811,226.63654,969.9053,3.0,0.0,5.0,1.0
2024-08-23 15:00:00,22.0315,1019.5,7.156805,2.8977058,14.916852,13.294755,21.781033,24.3993,21.732792,22.752064,21.460636,20.7039,21.795565,17.09567,18.683163,17.13933,16.319466,13.361966,11.036313,6.8161,6.470389,84.805664,116.56499,267.5105,316.9749,300.37906,280.71307,280.30478,289.9832,298.88647,290.13638,287.7005,271.1233,232.63326,230.82635,233.44743,225.65846,217.30403,214.15974,212.73521,969.89905,0.0,0.0,1.0,1.0
2024-08-23 16:00:00,23.9315,1019.0,7.77536,2.8977058,12.3790045,12.44665,23.226877,26.636835,25.934061,22.492243,20.335619,18.246344,20.036644,17.09567,19.546839,18.714796,14.735216,13.906869,13.126413,7.82229,7.5485096,90.0,153.43501,276.0089,308.65982,300.1413,288.43503,282.99463,281.6336,292.47946,286.50443,284.03625,268.8767,237.40742,230.86961,221.26851,218.65984,217.23491,214.50858,214.50858,969.7312,0.0,0.0,0.0,1.0
2024-08-23 17:00:00,24.6815,1018.6,10.387376,5.223913,12.730133,12.052505,22.631804,25.303127,25.303127,25.011076,20.28394,19.330107,19.757084,18.48165,20.168983,17.330778,15.510522,14.916618,13.6485405,8.022039,7.741268,93.57626,150.2552,284.7436,306.25394,293.6294,283.32455,283.32455,286.55716,296.56497,283.57043,280.30478,265.84042,242.06294,231.34016,223.22856,222.04915,220.0302,218.8845,218.8845,969.47107,0.0,0.0,0.0,1.0
2024-08-23 18:00:00,25.4315,1018.4,9.163349,6.4794664,9.890476,11.681025,23.762953,27.313854,27.680294,26.383446,20.335619,17.626055,17.319876,18.626938,18.85404,17.454353,16.944557,16.126177,14.933976,8.588754,8.412584,98.13002,180.0,301.60745,303.6901,295.8663,292.30624,290.55612,294.67685,300.65057,287.1028,275.85593,261.72418,240.86581,229.574,226.08084,224.4544,223.29868,219.2894,220.31403,969.40063,0.0,0.0,6.0,1.0
2024-08-23 19:00:00,24.9315,1017.9,9.63242,4.5356264,9.63242,11.072118,22.37997,26.23984,38.671074,32.70687,19.780952,17.289373,17.28039,21.378456,17.918472,17.71772,17.287811,16.746088,15.07519,8.84936,8.81398,109.653915,180.0,317.72638,290.55612,292.1095,302.90524,301.29297,303.6901,301.60745,282.99463,265.60138,260.98074,239.18437,232.3343,228.17992,226.57649,224.9999,221.30852,221.42357,968.84467,0.0,0.0,0.0,1.0
2024-08-25 12:00:00,14.5815,1022.5,7.5840216,7.5840216,15.884608,22.53886,48.14466,65.8264,61.776203,52.83448,29.953085,30.584183,21.687843,11.375193,6.53547,4.401578,4.124622,4.6884623,5.3574767,4.2683144,2.0294285,70.01681,19.983198,348.23172,341.56494,331.0204,339.24585,335.85446,336.89365,321.1466,323.61554,326.6336,315.0001,321.70978,296.56497,260.53775,256.60748,249.44386,199.29015,163.30067,971.5038,0.0,0.0,50.0,1.0
2024-08-25 14:00:00,20.3315,1022.7,8.448192,4.9346147,15.577695,19.823357,51.57997,62.31752,58.279194,49.282295,33.91678,28.131634,19.56849,11.633919,5.3179455,4.7775373,4.8897305,6.038474,6.398047,3.2542694,2.7074556,57.528828,23.198618,343.0724,348.6901,333.11313,332.1028,331.4405,335.11966,316.5481,331.07367,331.69934,311.49637,293.9625,258.11136,236.3099,232.3057,218.36752,201.80147,201.03758,972.66376,19.0,0.0,19.0,1.0
2024-08-25 15:00:00,22.3315,1022.5,6.479467,6.6077857,14.618343,17.044815,53.356354,65.3431,57.144344,45.894573,35.784027,26.119566,17.387356,11.14073,6.1564403,6.6934385,7.379733,6.8164077,5.2753024,3.5236597,2.9671428,53.13002,11.3098955,347.19574,351.2539,335.61365,337.249,330.81927,329.4525,317.93573,330.25522,332.78397,313.7812,285.25516,252.89719,242.6502,239.34941,236.3099,239.03632,238.39255,972.8023,24.0,0.0,14.0,1.0
2024-08-25 16:00:00,24.481499,1022.7,5.4980097,8.195949,12.580849,15.577695,47.649418,64.012405,56.831238,42.50846,36.337044,23.558899,15.316519,10.193031,5.4063005,6.946444,6.0184574,4.7633224,4.1488304,2.7025235,2.3487508,44.999897,18.435053,348.11136,343.0724,337.6198,338.6293,331.38962,322.43134,320.0637,328.4958,326.76828,313.66785,272.86234,247.06787,235.71307,226.8476,220.91429,206.56499,204.44394,973.341,7.0,0.0,4.0,1.0
2024-08-25 17:00:00,25.6315,1022.3,8.247014,7.3877287,8.644687,17.968111,44.9378,59.016525,61.339714,40.303116,34.874943,23.585615,15.33562,9.788295,5.426486,6.287674,6.073383,5.562748,5.2753024,3.874664,3.3045282,44.999897,37.875042,12.99463,334.35904,335.2826,340.76923,328.8287,323.49847,324.8335,322.81522,318.50363,308.0471,264.2895,239.42085,224.9999,218.65982,213.6901,207.89719,208.07239,973.1449,0.0,0.0,16.0,1.0
2024-08-25 18:00:00,27.3815,1021.5,8.297766,7.244264,10.783982,18.89073,43.489723,56.79799,60.03218,40.979748,34.34117,23.585615,15.934794,9.390038,5.24202,5.6163254,5.8330965,5.562748,5.3206553,3.7142632,3.31024,51.34017,26.564985,32.73523,337.8336,331.52588,332.8504,327.3391,325.30478,328.10925,322.81522,316.1232,304.82455,258.11136,241.1893,234.46223,231.34018,224.9999,220.60121,220.23628,972.6611,0.0,0.0,25.0,1.0
2024-08-25 19:00:00,28.1815,1020.7,8.813027,2.5917869,11.681025,19.056683,44.633133,52.563614,57.69637,43.850243,33.792767,23.982782,17.808794,10.645795,5.771466,5.300202,5.1591825,4.6985126,4.1803017,3.1335807,2.889726,53.972538,360.0,33.6901,342.18103,332.31903,329.64197,327.38077,325.84024,327.52884,321.5819,313.995,298.1785,259.21576,248.19853,241.1893,236.3099,233.13002,224.9999,222.27362,972.0251,0.0,0.0,24.0,1.0
2024-08-26 11:00:00,14.9315,1019.2,7.8291693,9.63242,9.911678,14.488528,41.736015,37.452213,18.349594,27.497684,30.065002,22.908375,21.902758,10.523761,11.630999,14.467154,15.888008,16.30508,16.618998,4.8386154,3.8190398,24.443953,340.3461,348.6901,333.43503,332.24155,322.73352,317.86246,325.56094,322.88306,315.0001,311.72943,322.76508,248.19853,221.55252,219.80553,221.76021,219.89778,182.3859,165.2564,968.4285,0.0,0.0,0.0,1.0
2024-08-26 12:00:00,17.3315,1018.4,8.297766,11.072118,9.094364,11.947547,43.89331,39.016937,22.678135,32.917988,34.212563,24.741045,21.11791,10.523761,10.805859,12.950106,15.1455555,16.512064,17.865595,4.6329865,3.7137012,38.659843,339.44388,355.91446,319.39877,328.89127,324.46225,306.86996,323.8067,322.69598,315.0001,307.34943,307.23492,257.00537,231.17017,217.72505,215.36255,208.66386,180.0,173.99109,968.0748,0.0,0.0,0.0,1.0
2024-08-26 13:00:00,19.6315,1018.4,7.3306804,12.3790045,9.094364,12.861375,45.568665,42.78411,27.035765,35.406593,34.730183,25.203377,20.955551,11.394924,9.587062,11.958408,15.815494,18.77647,17.976511,5.729378,5.1134443,44.999897,6.0089183,4.085537,310.91428,330.15417,324.86572,314.02905,325.4374,323.34378,316.04153,304.69522,298.0724,260.2725,233.3658,210.96368,209.827,203.28609,190.1246,188.74608,968.4586,0.0,0.0,0.0,1.0
2024-08-26 14:00:00,22.2815,1018.2,3.6653402,11.034134,8.448192,12.3790045,48.461906,47.829704,29.81259,35.424377,33.191063,25.203377,20.838806,13.691804,9.545156,11.813236,16.400658,17.778997,14.018042,6.6442757,6.17762,44.999897,3.3664,32.471172,312.8789,330.35022,324.372,317.64258,320.1945,321.34015,313.95847,302.00534,291.54105,261.87,234.3235,209.74478,205.31285,200.05618,194.03627,192.72435,968.70306,0.0,0.0,0.0,1.0
2024-08-26 15:00:00,24.6315,1017.8,3.2397335,10.058838,5.4980097,12.861375,48.227432,51.20419,31.209246,33.449364,30.294538,23.371033,20.384293,15.60854,10.431767,12.625799,16.42556,15.167494,11.609278,6.771306,6.53431,53.13002,14.931467,44.999897,310.91428,329.30035,321.67984,318.36655,315.78473,318.46832,313.87677,299.8988,284.93146,259.56256,236.92932,214.34616,209.1342,203.33406,202.751,202.751,968.70166,0.0,0.0,0.0,1.0
2024-08-26 16:00:00,26.481499,1017.3,4.148883,10.725427,2.336205,11.681025,46.553066,54.75437,33.449364,33.000786,28.406384,22.492243,19.781763,17.301395,11.131469,13.105785,14.5783615,13.432385,12.500779,7.453066,7.376354,38.659843,25.016869,56.3099,303.6901,325.2039,320.28128,314.21527,313.4089,315.0001,311.49637,299.42737,278.91486,255.96373,230.3322,209.7448,202.8337,200.55612,198.92474,198.43504,968.52,0.0,0.0,0.0,1.0
2024-08-26 17:00:00,28.1815,1016.8,3.2397335,10.058838,1.8326701,8.813027,43.64391,55.591408,37.452213,35.63707,26.21583,20.744415,18.872927,18.347458,12.769122,13.227639,13.243383,13.033137,12.162451,7.4285264,7.590938,36.86999,14.931467,44.999897,306.02747,319.21426,319.2539,307.26648,306.86996,309.98682,308.65982,302.57404,279.46225,256.55136,226.50737,207.43964,203.57472,199.0578,192.5288,193.32454,968.3111,0.0,0.0,2.0,1.0
2024-08-26 18:00:00,29.0315,1016.0,0.6479467,9.163349,2.336205,9.34482,42.61204,53.60755,37.569733,35.23424,25.698254,20.489874,17.28039,18.076084,14.611261,13.798878,13.878186,13.696678,12.818266,8.027097,8.175691,180.0,44.999897,326.3099,303.6901,314.38403,314.51038,302.31958,302.22873,303.6901,304.69522,302.47116,280.68484,253.9091,219.93633,210.32353,207.37761,204.05734,197.52565,198.00426,967.6816,0.0,0.0,3.0,1.0
2024-08-26 19:00:00,29.8315,1015.5,4.148883,7.3877287,2.336205,11.315902,39.26899,56.166176,39.016937,34.892994,27.136515,21.025845,14.705429,16.696806,14.87085,13.425264,13.245313,12.598824,11.8329115,7.1728683,7.1948347,231.34016,52.124958,303.6901,293.6294,307.6263,309.3824,305.53775,301.32864,303.31064,303.6901,302.7352,280.40765,254.19742,221.2846,216.67444,215.88223,215.65541,218.15727,218.41809,967.3293,0.0,0.0,2.0,1.0
2024-08-27 13:00:00,21.8815,1011.1,3.4892995,4.0979743,5.9737735,24.043974,35.731194,58.37277,38.25081,25.278225,32.012764,33.44309,28.908875,21.577185,12.981411,8.194061,2.4965596,2.002382,3.887905,2.9945347,2.960769,68.19853,71.564964,310.60123,284.03625,274.15958,267.45526,268.05856,268.53122,234.0578,234.46223,231.20343,226.88817,224.9999,221.34767,264.80566,347.4712,53.74608,70.346085,66.801384,961.88336,99.0,99.0,11.0,1.0
2024-08-27 15:00:00,21.6815,1012.8,9.024853,4.5816746,8.693117,16.80919,43.354362,44.179317,31.907673,30.803034,33.44309,33.47446,27.394033,20.822178,14.093253,10.337269,9.444613,7.785545,4.9682317,3.2791111,3.3555882,68.96242,261.87,296.56497,297.5527,260.53775,265.7947,257.0926,247.75093,234.46223,227.35333,217.794,236.82147,253.30067,271.3639,291.03757,292.98874,284.6209,280.6196,280.0079,963.4683,99.0,99.0,34.0,1.0
2024-08-28 11:00:00,8.231501,1021.3,5.536059,10.547809,5.1835737,23.12725,66.81709,90.99211,72.67409,58.476963,32.50084,31.650055,9.371607,6.7112703,11.485961,20.290272,22.387033,19.073086,15.143139,7.670386,5.921538,110.55613,259.3804,270.0,258.6901,250.15921,242.88763,248.00882,248.5522,246.50142,247.1094,278.13,2.8623457,29.577742,39.09386,35.134277,30.068504,26.211319,23.198618,23.198618,969.2496,0.0,100.0,32.0,1.0
2024-08-28 12:00:00,8.231501,1021.9,5.867407,9.740774,5.83152,24.3993,60.882854,92.7379,75.9232,56.91982,36.51569,34.542305,5.8941045,11.439195,12.29511,19.02919,20.865692,17.349295,14.23299,7.927914,6.174561,96.340096,273.814,270.0,259.28693,253.30067,244.33017,248.47092,247.22958,242.52565,246.80139,282.99463,354.95764,19.23077,40.2798,39.726063,34.286938,29.953526,27.21604,28.178495,969.81903,0.0,100.0,41.0,1.0
2024-08-28 16:00:00,11.3815,1023.8,7.8291693,5.223913,4.67241,25.925966,52.64741,86.91185,86.943245,64.456856,35.371006,16.21162,6.0088825,5.7073107,12.961745,17.53913,13.925961,12.9314,12.432444,9.37048,7.304288,114.44395,262.8751,213.6901,271.43207,256.4768,249.94382,242.4802,239.82657,241.55716,267.70944,287.1028,49.76372,54.3235,55.86401,35.75398,29.147985,26.995766,25.463305,25.201094,972.1821,0.0,0.0,41.0,1.0
2024-08-28 17:00:00,13.1315,1023.5,7.9091973,7.244264,6.479467,24.656054,50.46086,81.98511,83.77577,63.01094,31.316677,12.310987,3.1238692,5.104774,12.3128805,16.458166,12.5318165,12.295649,11.768125,9.019665,7.3068733,124.992096,259.69522,216.86998,273.01273,257.3914,250.13286,241.8494,239.74364,245.55606,270.0,261.87,23.198618,52.124958,58.448677,39.143982,35.655422,33.407852,29.427368,28.610369,972.2033,0.0,0.0,25.0,1.0
2024-08-28 18:00:00,14.6315,1023.4,8.118749,9.094364,9.024853,22.068268,48.875977,76.84385,78.562035,58.620377,26.848772,11.034134,3.185734,6.998029,12.559046,15.199791,11.617922,11.566196,11.0778,8.4722185,6.7811885,151.38963,274.08554,248.96242,273.3664,255.41104,250.80106,245.12587,246.55193,261.67444,266.6336,236.3099,16.699326,64.5367,60.94549,37.092915,34.286938,31.890757,28.392921,27.29949,972.3676,0.0,0.0,11.0,1.0
2024-08-28 19:00:00,15.481501,1023.0,6.978599,9.094364,11.072118,20.128107,49.689526,73.79199,77.05936,52.51167,23.33508,11.034134,4.073027,6.998029,12.834597,15.199791,12.251463,12.119837,11.541343,8.383148,6.9599247,158.19853,274.08554,249.44386,273.6913,257.95743,253.1561,250.34608,254.24875,271.5911,266.6336,257.4712,16.699326,67.75093,60.94549,37.504215,36.253937,35.417145,35.217674,35.909817,972.13324,0.0,0.0,5.0,1.0
2024-08-29 11:00:00,1.0814999,1026.2,9.7192,5.573848,11.947547,19.876232,36.75063,33.323616,22.454882,16.95839,10.244937,8.813027,6.914979,3.41782,5.6695333,4.752125,8.016824,11.687906,14.769249,8.179815,1.4151368,180.0,324.46225,310.60123,289.0257,279.1301,296.56497,316.16904,316.5481,18.435053,36.027473,63.435013,101.3099,90.0,111.25058,139.574,131.98714,116.9276,99.926186,74.054535,972.5792,0.0,40.0,8.0,1.0
2024-08-29 12:00:00,4.2815,1026.2,6.6077857,5.343106,12.82869,19.49232,37.49703,30.734808,19.449196,14.21058,11.334437,9.63242,8.253165,4.9822865,6.232921,5.1377935,6.4249196,9.676487,12.872681,6.4364457,1.4803845,168.69011,345.9637,315.0001,291.4478,279.95056,304.69522,330.01843,335.77228,30.963696,47.72637,74.47583,109.653915,94.96966,106.699326,140.71062,135.90929,122.39982,110.13639,113.19862,973.17847,0.0,0.0,10.0,1.0
2024-08-29 13:00:00,8.6315,1026.0,5.1835737,3.88768,12.3790045,19.49232,38.360413,33.82381,19.133636,14.342911,11.315902,10.079684,8.146054,5.697462,7.7920284,7.3157616,6.554809,9.848021,13.219274,5.799766,3.5043075,180.0,360.0,312.8789,291.4478,285.6796,306.43094,331.69934,341.56494,23.629398,44.999897,77.4712,118.072395,104.03627,109.653915,136.39711,138.57643,124.69522,110.32322,109.440125,973.78186,0.0,0.0,1.0,1.0
2024-08-29 14:00:00,12.0815,1025.9,3.4892995,3.2397335,10.627115,16.391897,37.435394,36.756344,21.22458,15.577695,10.547809,10.12125,8.679635,6.0419097,9.183214,9.02726,6.570379,9.519215,10.65977,6.586005,4.875126,201.80147,323.13,322.43134,288.43503,293.45905,310.71075,328.73633,343.0724,10.61961,39.805527,75.25639,123.690094,114.30454,107.44727,116.56499,124.7779,118.072395,113.42871,113.49858,974.29956,0.0,0.0,4.0,1.0
2024-08-29 15:00:00,14.3315,1025.5,2.7490048,4.5816746,9.001563,17.044815,37.39051,34.365616,23.824709,17.044815,11.185293,10.547808,9.9670515,6.437922,10.205731,10.381102,8.65129,9.773497,8.781121,6.7322435,4.9786596,135.0001,351.87,329.74365,278.74606,297.8972,314.23618,337.6198,351.2539,10.007925,42.510403,77.19574,128.65982,127.47626,121.42951,123.27491,126.86999,128.23387,128.92755,128.65984,974.31104,0.0,0.0,4.0,1.0
2024-08-29 16:00:00,16.3815,1025.5,5.573848,4.5816746,7.3877287,18.246344,34.34117,37.748104,26.022947,19.610424,11.315902,9.63242,9.729236,7.1252766,10.515279,11.483185,9.291918,8.514799,7.945322,6.257443,4.7015214,125.537766,315.0001,322.12497,276.11542,301.89075,320.57224,341.1138,352.40543,13.240531,47.72637,87.3975,138.81416,138.12222,135.0001,131.05472,127.74687,125.36255,123.17852,119.74479,974.6627,0.0,0.0,4.0,1.0
2024-08-29 17:00:00,18.1315,1024.8,7.8023114,3.2397335,7.5562916,17.54249,33.3551,48.009304,35.936222,21.538746,9.094364,7.008615,9.010616,6.786165,9.959949,11.072507,7.9912934,7.684924,7.395708,5.704537,4.5545626,131.63345,306.86996,329.03632,274.23633,299.0545,328.24057,334.35904,344.2913,4.085537,56.3099,101.3099,147.09476,147.17146,143.13002,135.0001,132.70937,132.70937,132.13753,129.80553,974.29364,0.0,0.0,2.0,1.0
2024-08-29 18:00:00,19.5815,1024.5,7.3877287,2.671553,7.244264,18.326698,36.52144,57.00826,45.568665,19.144604,7.8826113,4.67241,8.12206,6.3234997,8.941931,10.100279,7.9912934,7.684924,7.2555633,5.4424524,4.432637,142.12495,284.03625,333.43503,278.13,295.20108,328.47787,330.15417,336.0375,350.53775,56.3099,112.38018,147.99464,151.11351,145.92276,135.0001,132.70937,131.49637,128.991,127.875046,974.25116,0.0,0.0,4.0,1.0
2024-08-29 19:00:00,20.7815,1023.6,5.536059,2.336205,6.671019,18.89073,37.670174,58.451828,52.239132,22.295391,9.024853,3.6653402,7.3527145,7.21924,10.16279,10.896129,9.463527,9.526645,9.458942,7.5826,5.950183,159.44388,213.6901,330.9455,275.90604,296.56497,328.6006,330.25522,324.46225,338.9624,44.999897,122.73522,158.19853,163.0091,154.59233,139.84407,136.8476,135.0001,129.61066,128.36752,973.5942,0.0,0.0,1.0,1.0
2024-08-30 11:00:00,12.281501,1015.7,7.3877287,5.7954116,4.5356264,21.095617,19.330107,49.39717,33.805187,28.109238,33.59964,33.47446,27.888298,20.684166,22.737513,25.066301,33.5444,35.359783,28.01114,7.585275,7.510873,37.875042,296.56497,270.0,259.3804,256.42953,265.48608,257.82855,244.02565,230.4774,227.35333,229.49724,229.60017,222.594,211.34952,200.51094,192.41428,180.85507,169.28693,169.56258,964.6471,0.0,0.0,2.0,1.0
2024-08-30 12:00:00,13.8815,1014.4,6.978599,7.008615,5.867407,20.459114,21.781033,49.056023,32.847767,30.01609,35.74881,37.137012,30.71575,21.884727,22.054062,24.6068,33.330494,34.771923,26.336731,8.414551,8.50194,68.19853,303.6901,263.6599,259.046,239.62096,257.79956,247.98866,237.3391,226.46873,222.87889,229.66693,229.9698,230.46387,220.53906,202.73946,192.99461,180.45471,168.9591,169.46088,963.6883,9.0,0.0,3.0,1.0
2024-08-30 13:00:00,16.731499,1013.7,5.223913,9.277185,6.6077857,19.188414,26.151693,46.453754,36.308147,35.942062,40.073288,40.578228,34.788742,25.543665,22.578278,25.055431,35.23789,33.743343,23.827719,10.169934,10.199141,97.12492,335.22488,258.6901,258.31067,228.01286,247.01126,235.17543,236.0234,230.90614,218.51695,229.63554,231.92717,228.87862,218.22047,198.31882,190.00792,180.0,172.03047,172.33328,963.50653,48.0,0.0,7.0,1.0
2024-08-30 14:00:00,18.5815,1013.3,5.060625,9.34482,7.156805,18.326698,33.91678,47.89987,41.087173,39.545986,42.671116,46.65666,38.116325,30.105259,26.618494,29.760536,37.324043,32.385174,23.201614,11.309055,11.301052,129.80553,326.3099,275.19434,261.87,226.54811,239.9668,232.04572,235.0079,228.07755,217.66568,224.0609,226.35312,220.47514,212.5075,196.89873,189.65176,180.51616,175.91446,176.05489,963.43506,11.0,1.0,15.0,1.0
2024-08-30 15:00:00,20.0315,1011.9,1.8326701,8.644687,6.4794664,19.960545,40.800064,50.160446,44.839596,44.463497,48.60032,47.30011,42.20115,35.597996,33.153446,34.82275,34.42754,26.78564,22.155598,10.505524,10.331652,135.0001,347.00537,270.0,256.86597,226.93057,241.4487,232.63326,226.77144,227.16109,221.11198,222.87889,221.94704,217.05661,209.64435,193.67133,184.18483,180.0,175.60138,175.68405,962.3432,99.0,100.0,31.0,1.0
2024-08-30 16:00:00,20.0315,1011.1,2.0489872,4.9346147,5.83152,22.001583,45.360897,57.331383,49.043186,47.684647,50.431732,49.077415,47.179733,44.593155,41.207664,41.60015,37.05893,30.64287,26.349167,12.968671,12.901299,161.56496,336.8014,270.0,256.373,225.57864,235.59148,226.60596,227.20262,227.08257,227.67548,226.13809,222.56331,215.66869,207.47435,190.89868,182.03087,178.18173,173.75818,173.9459,961.5823,79.0,100.0,22.0,1.0
2024-08-30 17:00:00,19.231499,1011.5,0.6479467,2.671553,4.3465586,20.915733,49.94236,63.502083,56.87924,52.691254,51.388336,48.64349,48.144085,48.428135,47.01801,47.684044,43.641533,36.48061,28.445253,12.302338,12.454237,90.0,345.9637,243.43501,253.81071,225.52557,233.71463,222.22972,224.50185,221.93343,221.76021,227.23119,228.36655,222.20723,211.06511,193.17256,186.15175,182.10547,177.18451,177.31628,961.831,9.0,100.0,39.0,1.0
2024-08-30 18:00:00,19.5315,1010.0,1.8326701,5.223913,6.479467,20.985872,54.063763,67.61348,61.503757,56.01648,49.69375,47.211266,46.159332,46.689896,46.531044,47.345745,40.119156,34.34949,26.37651,11.226231,11.217153,44.999897,299.74478,233.13002,261.11942,224.9999,230.05388,221.58331,221.24817,219.70988,226.66829,230.82635,230.82635,220.5291,204.56715,187.44524,182.53671,176.82024,170.70677,171.02745,960.4541,14.0,99.0,43.0,1.0
