date,temperature,pressure,110,stdev [110],direction [110],320,stdev [320],direction [320],500,stdev [500],direction [500],800,stdev [800],direction [800],1000,stdev [1000],direction [1000],1500,stdev [1500],direction [1500],1900,stdev [1900],direction [1900],3200,stdev [3200],direction [3200],4200,stdev [4200],direction [4200],5600,stdev [5600],direction [5600],7200,stdev [7200],direction [7200],9200,stdev [9200],direction [9200],10400,stdev [10400],direction [10400],11800,stdev [11800],direction [11800],13500,stdev [13500],direction [13500],15800,stdev [15800],direction [15800],17700,stdev [17700],direction [17700],19300,stdev [19300],direction [19300],22000,stdev [22000],direction [22000]
2024-08-01 11:00:00,16.981499,1011.9,3.1643424,0.0,259.3804,3.2791111,0.0,259.3804,15.475587,0.0,286.47696,14.770436,0.0,287.1028,13.795112,0.0,271.87784,15.055715,0.0,258.6901,14.349515,0.0,265.68405,16.947197,0.0,294.53772,22.496197,0.0,289.50253,24.287199,0.0,279.21094,26.565813,0.0,282.6804,34.832783,0.0,288.43503,50.143703,0.0,295.24048,60.161423,0.0,292.14523,39.60963,0.0,285.17297,15.55072,0.0,270.0,5.83152,0.0,270.0,1.4488529,0.0,26.564985,15.029011,0.0,82.56869
2024-08-01 12:00:00,18.981499,1012.3,2.372759,0.0,214.9921,2.3491063,0.0,210.96368,8.572167,0.0,268.60284,8.947019,0.0,275.5721,10.198843,0.0,257.19574,13.708636,0.0,248.96242,13.630535,0.0,262.0305,19.076778,0.0,288.43503,23.749624,0.0,288.43503,23.008951,0.0,279.7275,25.036245,0.0,280.4374,36.342823,0.0,281.3099,46.7241,0.0,289.44012,64.74929,0.0,288.07242,37.31183,0.0,290.3232,14.386751,0.0,262.23492,6.6077857,0.0,281.3099,2.671553,0.0,14.036275,16.198666,0.0,90.0
2024-08-01 13:00:00,20.731499,1012.2,3.1881347,0.0,232.43134,3.1849544,0.0,235.30478,7.7786193,0.0,239.30035,10.400147,0.0,241.29414,12.915275,0.0,237.14427,13.391399,0.0,249.56708,12.430711,0.0,267.5105,21.84877,0.0,290.659,23.79068,0.0,285.06854,24.656054,0.0,273.01273,27.405922,0.0,276.78888,40.282276,0.0,281.12915,49.218365,0.0,286.04907,63.551647,0.0,286.5874,33.449368,0.0,291.59537,17.792006,0.0,259.50858,8.118749,0.0,298.61035,6.3815346,0.0,23.962492,17.60222,0.0,83.659904
2024-08-01 14:00:00,23.731499,1012.6,4.002611,0.0,240.94548,3.9729035,0.0,239.53453,6.5432067,0.0,243.43501,11.897904,0.0,248.58696,14.483434,0.0,247.0362,13.371039,0.0,257.24246,12.561948,0.0,278.65247,20.599825,0.0,291.97455,22.823494,0.0,284.57425,24.758009,0.0,276.0089,29.868864,0.0,273.73132,39.77886,0.0,282.2251,54.30783,0.0,287.3541,63.114132,0.0,289.1791,33.21635,0.0,290.55612,16.25042,0.0,274.57382,6.887768,0.0,311.18582,5.4980097,0.0,44.999897,13.60688,0.0,90.0
2024-08-01 15:00:00,26.3815,1012.5,5.4149113,0.0,248.96242,5.4237823,0.0,248.19853,8.810921,0.0,247.69374,11.617064,0.0,249.19313,15.870314,0.0,252.5972,16.119934,0.0,257.66092,13.771513,0.0,268.8767,19.818935,0.0,288.74142,24.334118,0.0,285.80258,25.036245,0.0,280.4374,30.700642,0.0,277.2749,40.800064,0.0,280.06064,55.546078,0.0,286.95538,60.241623,0.0,288.8248,33.399124,0.0,288.08353,17.54249,0.0,274.23633,9.63242,0.0,312.27362,5.536059,0.0,110.55613,17.49456,0.0,90.0
2024-08-01 16:00:00,27.9315,1012.7,6.4352555,0.0,244.98314,6.486682,0.0,244.23071,10.56302,0.0,242.928,11.655575,0.0,243.43501,13.140758,0.0,243.43501,14.946745,0.0,249.77505,12.445361,0.0,266.26868,20.16447,0.0,285.4222,25.01047,0.0,287.47485,23.762953,0.0,281.00348,29.735033,0.0,281.3099,43.716,0.0,281.9761,54.38508,0.0,291.6747,55.93773,0.0,288.22516,34.01566,0.0,287.74475,18.835087,0.0,266.0549,7.3306804,0.0,315.0001,5.343106,0.0,75.96373,18.801622,0.0,91.97489
2024-08-01 17:00:00,28.7815,1012.7,7.3068733,0.0,241.38963,7.121774,0.0,241.2603,11.434864,0.0,239.21593,12.446264,0.0,240.75127,12.645448,0.0,241.14444,13.990597,0.0,246.13982,12.714778,0.0,266.34784,19.841593,0.0,285.6796,24.310047,0.0,289.09357,21.858,0.0,281.9761,29.236687,0.0,282.80426,46.1318,0.0,280.52072,52.045895,0.0,288.88617,49.790813,0.0,288.19925,33.317314,0.0,283.49576,17.60222,0.0,263.6599,7.3877287,0.0,322.12497,2.5917869,0.0,90.0,14.269546,0.0,92.60251
2024-08-01 18:00:00,29.5315,1012.2,7.427402,0.0,227.12111,7.412122,0.0,227.20262,11.267444,0.0,229.51407,12.076948,0.0,232.3057,12.480753,0.0,234.58286,12.882138,0.0,241.47697,12.791934,0.0,262.7251,18.940872,0.0,283.29858,21.665335,0.0,286.5874,21.095617,0.0,280.6196,27.680294,0.0,286.31393,45.263607,0.0,283.24054,50.829754,0.0,287.0491,48.42291,0.0,282.3625,33.947704,0.0,283.24054,16.198666,0.0,270.0,4.0979743,0.0,18.435053,2.5917869,0.0,180.0,12.328027,0.0,93.012726
2024-08-01 19:00:00,30.231499,1011.4,7.478102,0.0,242.10283,7.299037,0.0,242.02061,11.693642,0.0,241.14442,12.827017,0.0,241.69934,13.349048,0.0,241.69934,13.425263,0.0,243.90463,13.450204,0.0,259.59235,18.614874,0.0,283.53586,20.398651,0.0,287.6502,21.22458,0.0,282.33908,26.23984,0.0,290.22495,44.78807,0.0,284.2373,52.339493,0.0,285.06854,51.13445,0.0,278.74606,34.947098,0.0,280.68484,14.916852,0.0,267.5105,3.2397332,0.0,90.0,2.0489872,0.0,108.43504,13.215571,0.0,101.3099
2024-08-02 11:00:00,19.731499,1010.8,3.7541788,0.0,248.74942,3.7033226,0.0,247.61981,16.128056,0.0,266.2848,14.251956,0.0,277.88306,11.382475,0.0,276.84268,10.037143,0.0,281.3099,10.883152,0.0,293.38522,14.175478,0.0,263.21112,18.026646,0.0,252.89719,13.10391,0.0,278.53067,13.745025,0.0,278.13,25.26992,0.0,247.3801,25.027859,0.0,248.74942,25.410748,0.0,250.64091,34.633343,0.0,252.58194,18.440886,0.0,251.56496,3.4892995,0.0,338.19852,7.5840216,0.0,19.983198,13.215571,0.0,78.6901
2024-08-02 12:00:00,21.4315,1011.1,4.765383,0.0,258.23172,4.741198,0.0,257.73523,15.072291,0.0,266.82022,14.41486,0.0,276.0541,10.436519,0.0,274.96964,8.912517,0.0,276.3401,10.758538,0.0,287.52567,16.038002,0.0,259.15973,19.722479,0.0,254.40712,13.10391,0.0,278.53067,12.910246,0.0,287.52567,24.209286,0.0,254.47583,21.858,0.0,258.0239,23.181646,0.0,243.43501,32.783794,0.0,251.56496,18.700869,0.0,255.96373,4.3465586,0.0,333.43503,7.008615,0.0,33.6901,14.386751,0.0,82.234924
2024-08-02 13:00:00,23.231499,1010.8,5.844465,0.0,266.186,5.855468,0.0,266.0549,11.49583,0.0,270.0,15.711326,0.0,275.5529,13.36626,0.0,273.87845,10.163024,0.0,276.95285,10.542969,0.0,283.32455,17.157974,0.0,257.5926,19.722479,0.0,254.40712,13.10391,0.0,278.53067,13.912005,0.0,297.75842,22.908375,0.0,261.87,21.538744,0.0,263.08887,25.002684,0.0,238.78166,32.221912,0.0,254.84587,17.60222,0.0,263.6599,3.7781458,0.0,329.03632,6.671019,0.0,29.054508,14.618343,0.0,77.19574
2024-08-02 14:00:00,25.5315,1010.8,5.251967,0.0,267.87894,5.4424524,0.0,267.87894,8.778633,0.0,270.0,12.880231,0.0,275.80664,14.641305,0.0,278.88058,12.14678,0.0,276.98096,11.151094,0.0,276.95285,19.593794,0.0,257.15228,20.796618,0.0,257.73523,13.215571,0.0,281.3099,14.01723,0.0,303.6901,22.039713,0.0,268.31534,20.825212,0.0,264.64426,27.136515,0.0,236.68936,28.926302,0.0,254.40712,18.154074,0.0,267.95465,3.2397335,0.0,306.86996,6.479467,0.0,36.86999,15.029011,0.0,82.56869
2024-08-02 15:00:00,27.5315,1010.3,5.0539837,0.0,270.0,4.834421,0.0,270.0,7.7335577,0.0,270.0,8.915329,0.0,272.79263,12.190847,0.0,280.68484,13.851428,0.0,282.30798,13.542016,0.0,274.57382,21.82305,0.0,259.3804,21.062386,0.0,260.34018,13.529523,0.0,286.6993,14.01723,0.0,303.6901,20.180183,0.0,275.52744,20.895653,0.0,262.8751,30.225166,0.0,239.0363,29.550915,0.0,254.74483,18.142506,0.0,270.0,3.2397335,0.0,323.13,7.9091973,0.0,34.9921,13.622299,0.0,92.72626
2024-08-02 16:00:00,29.3815,1010.2,5.262748,0.0,265.76367,5.252762,0.0,265.60138,7.953566,0.0,266.98727,8.90739,0.0,268.60284,9.503929,0.0,272.72626,12.546428,0.0,281.3099,14.887995,0.0,274.15958,22.812017,0.0,259.8458,21.429834,0.0,261.70294,14.151369,0.0,285.94547,15.112583,0.0,300.96368,17.792006,0.0,280.49142,23.12725,0.0,258.6901,34.487568,0.0,244.39786,28.897259,0.0,250.34608,18.154074,0.0,267.95465,2.671553,0.0,284.03625,5.223913,0.0,29.744795,11.66304,0.0,90.0
2024-08-02 17:00:00,30.5315,1009.8,5.473903,0.0,263.88458,5.472193,0.0,263.6599,7.986455,0.0,263.9911,8.928547,0.0,265.81516,9.269899,0.0,268.60284,10.360669,0.0,274.08554,14.910009,0.0,275.19434,23.03496,0.0,261.6342,20.838808,0.0,265.13556,14.775457,0.0,285.25516,17.106281,0.0,294.62354,18.429499,0.0,280.1246,21.626282,0.0,261.38443,29.301233,0.0,251.96562,29.358492,0.0,247.96371,16.846615,0.0,270.0,4.0979743,0.0,288.43503,5.060625,0.0,50.194473,11.66304,0.0,90.0
2024-08-02 18:00:00,31.6815,1009.3,5.376396,0.0,257.4712,5.374935,0.0,257.00537,7.8707423,0.0,259.28693,9.033592,0.0,260.31128,9.784685,0.0,263.36758,10.837629,0.0,267.3975,12.958933,0.0,270.0,22.28146,0.0,263.08887,19.92431,0.0,266.186,15.884608,0.0,281.76825,18.049706,0.0,291.03757,18.968357,0.0,277.8532,21.626282,0.0,261.38443,26.565813,0.0,257.3196,29.607689,0.0,246.80139,17.506556,0.0,272.12103,5.7954116,0.0,296.56497,4.717123,0.0,74.054535,11.912354,0.0,67.61982
2024-08-02 19:00:00,32.2315,1009.1,6.954494,0.0,243.43501,6.937062,0.0,244.17906,10.017471,0.0,246.64441,11.129734,0.0,252.97939,11.571657,0.0,257.5926,12.6353855,0.0,263.29025,13.779449,0.0,267.7543,19.776384,0.0,269.029,19.017155,0.0,267.33704,18.554369,0.0,282.09473,19.056683,0.0,287.81897,19.188414,0.0,281.68933,21.421474,0.0,266.53183,23.647835,0.0,260.53775,29.960089,0.0,248.42863,15.604623,0.0,265.23645,5.536059,0.0,290.55612,2.336205,0.0,56.3099,13.957198,0.0,68.19853
2024-08-03 11:00:00,14.9315,1010.1,3.7137012,0.0,276.0089,3.631407,0.0,273.17978,16.473783,0.0,305.7068,16.896118,0.0,316.04153,16.46284,0.0,315.55618,17.42137,0.0,306.38446,22.197361,0.0,288.43503,23.16624,0.0,284.2373,27.479397,0.0,274.61057,35.731194,0.0,265.84042,41.48883,0.0,271.78986,43.99362,0.0,260.67648,44.16031,0.0,255.55592,43.716,0.0,258.0239,38.25081,0.0,271.94144,23.469627,0.0,276.3401,11.66304,0.0,270.0,4.9346147,0.0,293.1986,12.9751215,0.0,87.13766
2024-08-03 12:00:00,18.2815,1010.5,4.1961737,0.0,283.39252,4.1526723,0.0,284.03625,14.596676,0.0,299.1342,17.102842,0.0,310.36444,16.649529,0.0,311.69803,16.380732,0.0,302.7352,20.10383,0.0,292.08722,23.46253,0.0,291.80148,29.277838,0.0,275.19434,38.365883,0.0,265.1561,43.41243,0.0,270.0,46.65666,0.0,260.40692,46.526,0.0,257.125,44.16031,0.0,255.55592,38.8822,0.0,270.9548,24.6305,0.0,271.5074,10.447826,0.0,277.1249,5.4980097,0.0,315.0001,13.66845,0.0,84.55976
2024-08-03 13:00:00,20.8815,1010.6,4.765383,0.0,281.76825,4.741198,0.0,282.26477,10.575419,0.0,288.43503,14.960826,0.0,297.68097,16.009733,0.0,300.5475,17.554657,0.0,301.23917,20.747927,0.0,302.24243,25.08442,0.0,292.79654,32.113617,0.0,277.90707,39.609634,0.0,266.24835,44.065136,0.0,269.1575,46.45827,0.0,261.983,48.087948,0.0,255.96373,45.30533,0.0,253.37917,40.841206,0.0,271.81827,25.303127,0.0,267.0644,10.547809,0.0,280.6196,4.148883,0.0,321.34015,13.622299,0.0,92.72626
2024-08-03 14:00:00,23.2815,1010.2,5.376396,0.0,282.5288,5.374935,0.0,282.99463,9.129916,0.0,285.94547,11.059583,0.0,289.50253,13.655527,0.0,298.68604,18.178171,0.0,309.50766,21.013222,0.0,312.91742,25.657738,0.0,293.8865,32.932755,0.0,276.93427,40.177917,0.0,269.076,44.713013,0.0,270.8303,46.939255,0.0,263.6599,48.087948,0.0,255.96373,47.94805,0.0,251.07526,42.11653,0.0,270.0,24.698586,0.0,265.48608,12.104643,0.0,285.52417,7.008615,0.0,326.3099,12.328027,0.0,93.012726
2024-08-03 15:00:00,24.731499,1010.1,6.146962,0.0,288.43503,6.17914,0.0,289.0257,10.519503,0.0,290.95584,12.180013,0.0,291.99118,13.450085,0.0,294.84235,18.560495,0.0,308.5412,21.593159,0.0,312.4664,25.96453,0.0,293.58704,32.551258,0.0,277.80008,38.89839,0.0,271.90912,45.360897,0.0,270.81842,50.160446,0.0,264.06857,51.236973,0.0,256.84244,51.433254,0.0,250.88017,44.079426,0.0,268.31534,26.691942,0.0,264.4279,10.686212,0.0,284.03625,5.9737735,0.0,319.39877,10.447826,0.0,97.12492
2024-08-03 16:00:00,26.2815,1010.0,6.7895417,0.0,283.24054,6.795233,0.0,281.9761,11.512917,0.0,285.80258,13.255637,0.0,288.13818,14.523942,0.0,290.97357,17.94858,0.0,298.67307,21.949707,0.0,301.93063,29.263344,0.0,290.0953,33.118908,0.0,279.21094,38.89839,0.0,271.90912,44.06037,0.0,270.0,50.097633,0.0,264.80566,50.46086,0.0,257.3914,52.045895,0.0,251.11382,44.825546,0.0,265.85544,27.405922,0.0,263.21112,9.911678,0.0,281.3099,3.2397335,0.0,323.13,9.740774,0.0,93.814
2024-08-03 17:00:00,27.3815,1010.4,8.349465,0.0,282.09473,8.455439,0.0,282.38074,12.926868,0.0,284.03625,14.1722975,0.0,285.10114,15.027031,0.0,285.7087,16.65199,0.0,288.9705,18.900373,0.0,291.80145,31.491133,0.0,286.6993,34.597466,0.0,275.12808,39.530056,0.0,270.93918,45.360897,0.0,269.18155,51.98132,0.0,265.71094,51.236973,0.0,260.53775,52.707188,0.0,249.11412,45.087032,0.0,262.5687,29.981102,0.0,263.79663,11.091061,0.0,276.70975,0.91633505,0.0,315.0001,11.185293,0.0,100.00792
2024-08-03 18:00:00,27.7815,1010.1,10.204698,0.0,287.74475,10.129957,0.0,287.3541,15.733157,0.0,289.39792,17.035137,0.0,289.35907,17.804628,0.0,290.04535,18.143166,0.0,290.64706,18.614767,0.0,289.4862,30.15931,0.0,284.8084,35.518818,0.0,275.7105,41.473648,0.0,269.10486,46.67016,0.0,268.4089,53.056507,0.0,261.57312,55.10976,0.0,267.97867,54.14912,0.0,248.96242,44.741173,0.0,259.9921,29.833704,0.0,267.5105,12.3790045,0.0,276.0089,3.6653402,0.0,224.9999,11.185293,0.0,100.00792
2024-08-03 19:00:00,28.0315,1009.8,9.042513,0.0,295.46332,9.102509,0.0,294.86368,14.134427,0.0,293.53235,15.286761,0.0,292.55728,15.908896,0.0,292.55728,16.358541,0.0,291.16132,16.818987,0.0,288.7259,28.463644,0.0,282.23608,35.9177,0.0,274.93912,42.808636,0.0,272.6025,47.317856,0.0,268.4307,57.078182,0.0,267.3975,62.86418,0.0,271.18115,56.55353,0.0,251.98013,45.41639,0.0,255.96373,31.128428,0.0,267.6141,12.9751215,0.0,272.86234,2.7490048,0.0,224.9999,8.644687,0.0,102.99462
2024-08-04 11:00:00,14.0815,1013.1,2.0663304,0.0,311.18582,2.141275,0.0,311.18582,5.6279035,0.0,328.67136,7.144159,0.0,340.46326,8.592033,0.0,333.43503,11.483185,0.0,315.0001,15.654056,0.0,302.31958,32.799706,0.0,277.63324,44.83813,0.0,264.34567,48.24919,0.0,255.21722,54.028805,0.0,264.4946,63.498775,0.0,270.0,63.97305,0.0,263.01904,58.49132,0.0,265.5527,47.54357,0.0,252.55272,27.891827,0.0,267.33704,9.094364,0.0,274.08554,3.2397332,0.0,270.0,7.8023114,0.0,85.23644
2024-08-04 12:00:00,14.9315,1014.1,3.073481,0.0,341.56494,3.1849544,0.0,341.56494,6.093785,0.0,337.8336,8.592008,0.0,339.27435,9.111476,0.0,336.61475,11.028677,0.0,321.34018,16.038134,0.0,306.09836,32.233196,0.0,278.97253,44.180386,0.0,270.5729,48.044277,0.0,259.90256,55.75731,0.0,268.00217,64.797905,0.0,270.5729,62.044064,0.0,262.80084,59.473602,0.0,262.48795,45.69288,0.0,251.82188,27.861706,0.0,270.0,11.091061,0.0,263.29025,3.88768,0.0,270.0,9.2771845,0.0,77.90526
2024-08-04 14:00:00,17.0315,1014.9,3.5737062,0.0,315.0001,3.5637348,0.0,312.70938,5.0337496,0.0,311.63345,5.257584,0.0,308.2902,5.7758865,0.0,300.57913,9.047358,0.0,292.3802,15.130802,0.0,285.52417,28.313292,0.0,276.11542,42.00646,0.0,272.41098,48.22743,0.0,263.82993,57.022987,0.0,269.34894,62.88088,0.0,271.77142,61.60947,0.0,272.41098,62.421852,0.0,260.43997,45.360897,0.0,248.19853,26.119564,0.0,262.8751,13.745025,0.0,261.87,4.0979743,0.0,288.43503,11.823917,0.0,80.53775
2024-08-04 15:00:00,18.4315,1014.4,5.2519665,0.0,321.009,5.3180156,0.0,322.69598,7.395708,0.0,317.29062,7.526776,0.0,316.16904,7.3589354,0.0,312.5104,10.019031,0.0,294.67685,15.461974,0.0,282.09473,27.514555,0.0,272.79263,41.97857,0.0,268.79398,46.872124,0.0,264.4471,58.34759,0.0,268.09088,64.159805,0.0,271.15732,67.11176,0.0,280.0079,61.636726,0.0,257.8632,46.975018,0.0,245.55606,25.26992,0.0,270.0,16.31488,0.0,263.15732,3.88768,0.0,270.0,14.269546,0.0,87.3975
2024-08-04 16:00:00,19.3815,1014.6,5.1318846,0.0,307.30402,5.1592326,0.0,308.65982,7.8457255,0.0,311.7602,8.15254,0.0,311.7602,8.165209,0.0,311.63345,8.190366,0.0,302.7352,13.937235,0.0,278.91486,28.824404,0.0,270.66617,41.971596,0.0,269.3969,47.410927,0.0,266.08182,60.290386,0.0,268.15244,68.6854,0.0,269.4595,76.753654,0.0,281.68933,60.606396,0.0,263.86282,47.552402,0.0,250.0835,25.278225,0.0,271.46878,18.790455,0.0,270.0,2.8977058,0.0,243.43501,14.269546,0.0,92.60251
2024-08-04 17:00:00,20.3315,1014.5,5.677211,0.0,308.0471,5.761159,0.0,306.46933,8.236892,0.0,305.7068,8.61394,0.0,303.6901,8.721867,0.0,301.21835,8.956562,0.0,290.92456,14.038844,0.0,270.0,28.824404,0.0,269.3338,41.97857,0.0,271.20602,49.908722,0.0,268.51218,62.206253,0.0,270.5968,72.67408,0.0,273.0664,78.10378,0.0,283.921,61.55493,0.0,270.0,49.043186,0.0,254.67844,24.698586,0.0,265.48608,17.506556,0.0,272.12103,5.573848,0.0,234.46223,11.734814,0.0,96.340096
2024-08-04 18:00:00,21.0815,1014.6,6.62048,0.0,310.2363,6.576758,0.0,310.0302,9.573712,0.0,306.11945,10.061258,0.0,302.6609,10.0117855,0.0,298.30066,10.747876,0.0,285.94547,14.858591,0.0,267.91748,29.174929,0.0,268.02512,41.145046,0.0,273.0774,51.20419,0.0,271.4502,64.17616,0.0,271.73566,75.2316,0.0,277.92065,81.82876,0.0,290.87473,62.88088,0.0,271.77142,50.13114,0.0,255.78412,25.950243,0.0,267.13766,16.821672,0.0,285.6423,4.148883,0.0,231.34016,13.957198,0.0,111.801476
2024-08-04 19:00:00,21.731499,1014.2,6.9599247,0.0,305.9098,6.89011,0.0,307.87503,9.7969885,0.0,303.6901,10.244776,0.0,302.00534,10.412014,0.0,297.12122,10.921104,0.0,284.34937,14.3723545,0.0,264.61078,28.946894,0.0,264.68555,39.477104,0.0,275.1363,51.20419,0.0,271.4502,64.19906,0.0,272.31366,74.99406,0.0,279.95056,80.11776,0.0,288.87463,61.585617,0.0,271.8087,52.862286,0.0,258.6901,29.415636,0.0,262.40546,14.21058,0.0,294.22772,6.978599,0.0,248.19853,13.745025,0.0,135.0001
2024-08-05 11:00:00,9.6315,1017.5,1.5181876,0.0,309.8055,1.2898082,0.0,308.65982,3.976783,0.0,356.98727,4.3274565,0.0,342.47433,5.668751,0.0,336.5014,7.186343,0.0,321.9529,11.792808,0.0,285.94547,23.46971,0.0,271.63654,38.437557,0.0,269.34146,52.49968,0.0,268.5856,66.11914,0.0,268.31534,79.314606,0.0,274.68582,91.04977,0.0,286.1135,72.95086,0.0,282.30798,54.168495,0.0,276.8699,34.730183,0.0,278.58353,20.294287,0.0,286.6993,7.8023114,0.0,274.76355,4.0979743,0.0,71.564964
2024-08-05 12:00:00,12.3815,1017.7,1.567174,0.0,299.74478,1.6240145,0.0,299.74478,4.206347,0.0,333.43503,5.634365,0.0,332.44727,6.9776387,0.0,335.09525,8.875075,0.0,316.1232,12.905389,0.0,285.78082,22.947021,0.0,276.70975,37.12019,0.0,271.3639,51.22468,0.0,267.8253,66.2048,0.0,266.6336,84.39241,0.0,273.52136,98.08637,0.0,285.32156,75.48509,0.0,281.88864,53.697544,0.0,278.32556,33.67453,0.0,281.0937,21.313408,0.0,289.53674,8.522408,0.0,278.74606,6.7647614,0.0,73.300674
2024-08-05 13:00:00,15.3315,1018.1,1.833815,0.0,302.00534,1.9003264,0.0,302.00534,4.1803017,0.0,306.86996,5.7009473,0.0,319.63553,6.284226,0.0,322.3057,8.611949,0.0,306.86996,13.165397,0.0,285.46127,22.094152,0.0,279.60513,35.411507,0.0,273.57626,51.25336,0.0,267.10147,68.145386,0.0,266.72958,87.71245,0.0,274.23633,104.39988,0.0,285.84778,76.753654,0.0,281.68933,56.356464,0.0,278.59583,34.730183,0.0,278.58353,19.49232,0.0,291.4478,7.5840216,0.0,289.9832,7.1274137,0.0,90.0
2024-08-05 14:00:00,17.481499,1018.3,2.960769,0.0,336.8014,3.0681546,0.0,336.8014,4.673719,0.0,333.43503,4.856489,0.0,333.43503,5.668751,0.0,336.5014,7.5799537,0.0,324.24603,11.721514,0.0,298.92633,20.50692,0.0,281.3099,31.918543,0.0,274.76355,50.606255,0.0,267.0644,71.968765,0.0,267.93622,98.611435,0.0,277.1716,113.83411,0.0,285.85587,80.32971,0.0,282.57892,58.591724,0.0,280.19144,36.858997,0.0,280.1246,18.89073,0.0,292.16638,6.3815346,0.0,293.9625,5.83152,0.0,90.0
2024-08-05 15:00:00,19.231499,1017.7,5.5014453,0.0,327.99466,5.596827,0.0,329.74365,8.000118,0.0,326.7251,8.312971,0.0,326.7251,8.277066,0.0,325.0079,8.888708,0.0,318.36655,12.43071,0.0,304.3804,19.29049,0.0,277.98923,30.534122,0.0,273.31772,49.92975,0.0,267.76886,77.10566,0.0,270.0,109.07851,0.0,279.57416,123.995056,0.0,283.60056,84.76222,0.0,281.9112,58.62038,0.0,283.42184,35.073013,0.0,281.72507,17.216372,0.0,289.79898,6.1127167,0.0,302.00534,6.978599,0.0,68.19853
2024-08-05 16:00:00,20.0315,1017.5,6.847727,0.0,325.40765,6.93121,0.0,324.46225,10.450753,0.0,323.13,10.991127,0.0,322.22424,11.084589,0.0,320.79282,11.156937,0.0,318.57642,11.264901,0.0,314.02905,19.267183,0.0,283.0693,31.03812,0.0,274.89902,49.908722,0.0,271.48782,80.3689,0.0,271.3859,114.73231,0.0,278.7707,134.58743,0.0,282.2296,86.798256,0.0,282.06485,59.10538,0.0,282.66507,36.221325,0.0,280.30478,18.55437,0.0,294.77512,5.536059,0.0,290.55612,9.63242,0.0,70.346085
2024-08-05 17:00:00,20.5815,1017.8,6.7392683,0.0,326.76828,6.5365324,0.0,326.3099,10.496636,0.0,324.72748,11.337588,0.0,323.56903,11.617922,0.0,322.90707,11.689589,0.0,319.26797,11.460548,0.0,313.09085,18.335209,0.0,288.10385,31.12603,0.0,276.5197,51.20419,0.0,271.4502,84.35509,0.0,273.08212,120.07136,0.0,276.8181,131.07915,0.0,283.14322,87.68612,0.0,280.6456,59.10538,0.0,282.66507,38.376827,0.0,281.68933,17.968111,0.0,295.64096,4.5816746,0.0,278.13,11.072118,0.0,69.44387
2024-08-05 18:00:00,20.8315,1016.9,6.3762693,0.0,322.43134,6.325163,0.0,322.76508,10.413063,0.0,321.51978,11.430818,0.0,321.17017,12.039036,0.0,320.33218,12.71182,0.0,317.35333,12.981411,0.0,315.0001,19.185394,0.0,297.01257,32.49124,0.0,281.76825,52.6793,0.0,274.93912,83.36383,0.0,275.79913,126.9463,0.0,281.48196,133.19994,0.0,287.55362,88.201706,0.0,285.772,63.183937,0.0,283.03867,37.1144,0.0,286.22028,17.827368,0.0,289.09357,2.0489872,0.0,288.43503,11.091061,0.0,83.29026
2024-08-05 19:00:00,21.6815,1017.3,6.223325,0.0,321.34018,6.165993,0.0,321.63248,9.79476,0.0,320.1945,10.767836,0.0,318.27057,11.35776,0.0,317.41956,12.179136,0.0,315.0001,13.003852,0.0,311.63345,19.205873,0.0,299.24872,33.671196,0.0,289.14822,52.174797,0.0,284.38144,75.63234,0.0,279.86575,126.1168,0.0,286.1072,137.18884,0.0,290.74615,88.437004,0.0,291.48965,66.34418,0.0,282.4074,36.267654,0.0,288.75873,19.674547,0.0,287.24155,5.83152,0.0,270.0,12.580849,0.0,101.88863
2024-08-06 11:00:00,8.0815,1019.6,2.4741044,0.0,315.0001,3.4184518,0.0,315.0001,15.6328745,0.0,330.35022,15.249686,0.0,324.27252,14.717871,0.0,317.4896,14.619104,0.0,313.63614,16.618443,0.0,316.9749,24.86856,0.0,307.33328,29.78671,0.0,305.34018,41.559605,0.0,300.96368,67.23989,0.0,302.00534,76.99395,0.0,276.76608,81.80567,0.0,266.36713,96.598404,0.0,268.0781,86.60456,0.0,279.0394,42.360054,0.0,276.1465,21.781033,0.0,300.37906,6.6077857,0.0,281.3099,5.343106,0.0,104.03627
2024-08-06 12:00:00,10.8315,1019.4,4.118923,0.0,340.70987,4.526671,0.0,339.14545,15.143139,0.0,339.81412,16.137875,0.0,331.0204,15.324958,0.0,322.792,15.563873,0.0,320.77432,17.836931,0.0,320.52756,25.191656,0.0,310.6839,31.191797,0.0,307.5192,42.240955,0.0,302.47116,62.368023,0.0,302.69946,72.96812,0.0,279.7132,79.145035,0.0,267.1845,93.57616,0.0,265.6318,88.08501,0.0,276.75897,42.76939,0.0,270.86804,21.025845,0.0,303.6901,9.277185,0.0,294.77512,5.536059,0.0,69.44387
2024-08-06 13:00:00,13.5815,1019.8,3.935976,0.0,339.77505,4.3390255,0.0,338.19852,8.929128,0.0,339.44388,12.786501,0.0,339.10217,14.255894,0.0,334.65387,15.701361,0.0,327.8043,17.423504,0.0,319.39877,25.38487,0.0,312.32452,32.35882,0.0,308.90414,41.69576,0.0,302.94922,57.670895,0.0,297.42865,68.11149,0.0,281.52368,75.16461,0.0,270.4939,90.34616,0.0,265.4753,91.45923,0.0,277.32632,44.103233,0.0,272.52606,19.232122,0.0,302.61923,10.058838,0.0,284.93146,6.146962,0.0,71.564964
2024-08-06 14:00:00,16.6815,1019.9,5.0427575,0.0,332.44727,5.2256556,0.0,332.44727,7.6654687,0.0,334.1337,9.041421,0.0,335.89777,12.645448,0.0,335.72556,14.816557,0.0,324.46225,16.236868,0.0,317.02136,24.17693,0.0,316.1232,30.38033,0.0,310.8723,41.514122,0.0,304.18616,55.07547,0.0,295.0576,68.08684,0.0,286.02036,73.77777,0.0,277.0625,88.46311,0.0,264.95764,92.393196,0.0,275.2307,45.360897,0.0,270.81842,18.565678,0.0,299.24872,11.89472,0.0,299.35767,7.8291693,0.0,65.55606
2024-08-06 16:00:00,18.6815,1019.6,6.103781,0.0,322.76508,6.325163,0.0,322.76508,9.074721,0.0,321.54626,9.734809,0.0,321.34018,9.955496,0.0,320.52756,10.115254,0.0,318.94528,10.896539,0.0,318.01288,22.614206,0.0,320.4119,28.11482,0.0,315.0001,44.23156,0.0,301.8274,52.51167,0.0,285.75125,61.127167,0.0,274.8644,69.40595,0.0,267.32462,81.68241,0.0,268.18173,88.313484,0.0,273.78604,46.008774,0.0,270.80692,17.106281,0.0,294.62354,8.247014,0.0,315.0001,7.3877287,0.0,74.74483
2024-08-06 17:00:00,20.1315,1019.7,5.4980097,0.0,315.0001,5.6974196,0.0,315.0001,8.425667,0.0,316.00497,9.062266,0.0,315.97092,9.43108,0.0,315.97092,9.583546,0.0,318.12222,9.782737,0.0,320.59937,20.988737,0.0,321.48303,27.179459,0.0,314.34152,43.562065,0.0,300.37906,52.862286,0.0,281.3099,60.262524,0.0,269.38394,67.05231,0.0,264.45477,79.052155,0.0,269.5304,86.29618,0.0,273.01273,47.340034,0.0,272.35324,17.968111,0.0,295.64096,6.1127167,0.0,302.00534,8.014658,0.0,75.96373
2024-08-06 18:00:00,20.9315,1019.5,6.6347337,0.0,328.17258,6.7050667,0.0,327.26477,9.573712,0.0,323.88055,10.040138,0.0,321.1466,10.100691,0.0,319.53784,10.091284,0.0,315.0001,10.134061,0.0,311.7602,21.12476,0.0,318.21558,25.975117,0.0,311.55252,41.736015,0.0,297.75842,51.774956,0.0,278.63705,61.64013,0.0,266.98727,65.5996,0.0,266.03543,79.76327,0.0,267.67224,83.061104,0.0,273.1302,46.7241,0.0,273.17978,16.519463,0.0,295.5599,5.536059,0.0,290.55612,8.448192,0.0,85.60138
2024-08-06 19:00:00,21.4315,1019.3,6.6119137,0.0,335.69547,6.851724,0.0,335.69547,9.8259325,0.0,330.70874,10.244776,0.0,327.99466,10.407105,0.0,325.6196,10.531643,0.0,322.59457,10.717812,0.0,319.0857,20.430094,0.0,318.991,23.946041,0.0,307.5042,40.00513,0.0,294.90475,51.388344,0.0,275.06354,62.216377,0.0,268.80655,64.149994,0.0,269.4213,79.72114,0.0,271.39716,78.444374,0.0,271.89334,47.45961,0.0,274.6986,17.446499,0.0,291.80148,7.5840216,0.0,289.9832,7.8826113,0.0,99.46225
2024-08-07 11:00:00,6.5815,1020.1,2.7283094,0.0,175.91446,3.447998,0.0,173.29025,7.708095,0.0,139.39879,5.562748,0.0,141.34018,5.257275,0.0,154.5367,4.982248,0.0,200.22495,7.368959,0.0,261.57312,11.266051,0.0,292.751,26.4221,0.0,290.55612,36.313927,0.0,285.52417,38.376827,0.0,281.68933,45.119614,0.0,282.43954,47.17123,0.0,285.94547,70.28056,0.0,282.2423,68.535484,0.0,285.3502,41.81641,0.0,282.5288,18.835087,0.0,296.56497,8.813027,0.0,306.02747,12.763069,0.0,66.03751
2024-08-07 12:00:00,10.4315,1019.7,3.3273182,0.0,173.29025,3.6758294,0.0,170.53775,9.359117,0.0,156.29735,7.219691,0.0,164.2913,6.780837,0.0,180.0,7.1356153,0.0,223.60289,8.946006,0.0,264.80566,10.28081,0.0,289.0257,25.524132,0.0,293.45905,34.2187,0.0,288.77814,36.619022,0.0,283.29858,39.92109,0.0,283.13403,43.68237,0.0,290.85452,67.47673,0.0,281.6336,68.04674,0.0,283.7716,41.046284,0.0,281.84204,17.697367,0.0,293.7495,8.297766,0.0,308.65982,13.357763,0.0,75.96373
2024-08-07 13:00:00,14.981501,1019.8,4.5087037,0.0,172.56868,4.6722317,0.0,172.56868,9.616965,0.0,178.75467,8.495387,0.0,184.39862,7.8948145,0.0,193.24052,8.194061,0.0,228.65231,8.211054,0.0,260.53775,8.77158,0.0,276.58185,22.913105,0.0,289.13373,30.536097,0.0,287.2816,35.2104,0.0,282.75754,38.250813,0.0,280.73883,43.64391,0.0,288.16605,67.0022,0.0,279.46225,69.15749,0.0,282.99463,40.800064,0.0,280.06064,19.26484,0.0,289.6539,9.7192,0.0,306.86996,14.269546,0.0,87.3975
2024-08-07 14:00:00,17.7815,1020.0,4.9214096,0.0,170.9098,5.071984,0.0,173.15732,8.011033,0.0,172.50424,9.795192,0.0,176.186,9.784685,0.0,186.63242,9.236106,0.0,221.76021,7.5207105,0.0,248.96242,9.7192,0.0,270.0,23.061687,0.0,290.17075,29.10716,0.0,286.8215,33.805187,0.0,282.17145,38.13539,0.0,279.78235,39.77886,0.0,282.2251,64.23829,0.0,278.70215,68.24389,0.0,282.05673,42.434322,0.0,277.01642,19.26484,0.0,289.6539,9.34482,0.0,326.3099,13.622299,0.0,92.72626
2024-08-07 15:00:00,19.5815,1018.8,4.2940826,0.0,185.19434,4.4498267,0.0,185.19434,6.642603,0.0,192.72435,7.07449,0.0,197.87878,7.39011,0.0,203.42871,9.26229,0.0,230.38934,8.626624,0.0,249.86362,11.439195,0.0,264.95764,21.969486,0.0,285.1541,28.758907,0.0,284.34937,36.1459,0.0,284.5345,38.376827,0.0,281.68933,37.670174,0.0,273.9451,65.70193,0.0,275.092,65.3174,0.0,280.864,42.16137,0.0,272.6425,18.89073,0.0,292.16638,8.813027,0.0,323.97253,13.357763,0.0,104.03627
2024-08-07 16:00:00,20.7815,1018.6,4.5504127,0.0,199.9832,4.458936,0.0,198.43504,6.833866,0.0,203.42871,7.678784,0.0,208.7397,8.102398,0.0,210.1413,8.668009,0.0,214.59235,9.371768,0.0,228.50363,12.032586,0.0,257.125,19.840874,0.0,281.5601,28.897259,0.0,289.6539,34.101944,0.0,284.30032,35.848495,0.0,276.22574,36.938644,0.0,268.99493,62.60989,0.0,276.53653,63.80876,0.0,279.9405,41.549503,0.0,273.57626,18.257845,0.0,297.47433,5.343106,0.0,345.9637,12.293924,0.0,108.43504
2024-08-07 17:00:00,21.8315,1017.6,4.73356,0.0,199.17911,4.65047,0.0,197.65022,7.3005824,0.0,203.6294,8.062358,0.0,207.25525,8.411761,0.0,210.69965,8.871665,0.0,213.6901,9.023075,0.0,218.92755,13.493482,0.0,255.61856,21.933922,0.0,279.27252,28.897259,0.0,289.6539,32.68761,0.0,283.7608,33.848625,0.0,275.49222,34.347286,0.0,271.0809,60.758606,0.0,277.3523,59.016525,0.0,278.84174,42.16137,0.0,272.6425,16.237497,0.0,298.61035,3.9413056,0.0,350.53775,9.209053,0.0,129.28938
2024-08-07 18:00:00,22.4315,1017.6,3.3947709,0.0,203.6294,3.5178971,0.0,203.6294,5.9889297,0.0,209.24873,6.6304865,0.0,211.60745,7.3345966,0.0,213.6901,8.267618,0.0,216.52895,8.814681,0.0,220.0302,14.226888,0.0,254.98158,22.304512,0.0,277.9695,26.715527,0.0,284.03625,29.236687,0.0,282.80426,33.449368,0.0,278.91486,35.66062,0.0,272.08252,64.47314,0.0,275.7678,57.547005,0.0,277.76508,43.431767,0.0,268.29022,14.21058,0.0,294.22772,3.2397335,0.0,323.13,6.978599,0.0,111.801476
2024-08-07 19:00:00,23.0815,1017.1,3.8190398,0.0,194.7436,3.7631016,0.0,195.52417,5.9486737,0.0,198.43504,6.736356,0.0,200.77234,7.303185,0.0,201.80147,8.033634,0.0,207.3498,8.38671,0.0,213.17851,14.550844,0.0,255.32356,21.205528,0.0,270.0,26.047132,0.0,275.7105,29.735033,0.0,281.3099,36.01208,0.0,278.27582,39.609634,0.0,273.75165,63.828506,0.0,275.82623,58.74915,0.0,276.96817,46.69264,0.0,267.6141,16.029316,0.0,284.03625,3.2397335,0.0,306.86996,6.511783,0.0,95.7105
2024-08-08 13:00:00,14.481501,1015.2,4.368237,0.0,147.72438,4.526671,0.0,147.72438,13.19943,0.0,169.04597,17.640493,0.0,175.76369,19.696877,0.0,176.71083,22.166872,0.0,182.54475,24.365402,0.0,195.42223,30.120178,0.0,214.57425,32.659004,0.0,239.9668,33.922962,0.0,241.47697,39.784138,0.0,232.94339,44.02224,0.0,227.38597,53.32093,0.0,244.05775,71.66478,0.0,255.3355,50.055717,0.0,248.74942,33.146763,0.0,265.51547,12.44665,0.0,308.65982,5.7954116,0.0,206.56499,7.77536,0.0,90.0
2024-08-08 15:00:00,15.8315,1013.6,6.054055,0.0,132.39738,6.1263824,0.0,133.66785,12.446493,0.0,139.08571,17.095947,0.0,152.78398,20.18114,0.0,164.40714,23.161932,0.0,183.04471,26.591097,0.0,195.3062,34.394417,0.0,213.07068,29.53337,0.0,235.359,27.86924,0.0,234.46223,37.748104,0.0,230.57222,53.84199,0.0,230.37103,62.229874,0.0,238.62704,71.12377,0.0,253.05069,56.801685,0.0,249.29088,30.789402,0.0,261.52893,4.5356264,0.0,270.0,7.5562916,0.0,239.0363,10.387376,0.0,93.57626
2024-08-08 16:00:00,18.7815,1012.8,7.1526976,0.0,137.20262,7.265607,0.0,136.12321,13.677318,0.0,141.20343,15.729329,0.0,144.5542,19.659231,0.0,160.52333,25.759575,0.0,186.58185,28.603632,0.0,199.29015,31.281776,0.0,224.9999,30.047659,0.0,228.57643,32.189323,0.0,229.89915,42.11653,0.0,233.13002,56.401142,0.0,227.32785,64.35581,0.0,237.75005,72.364365,0.0,253.34981,60.161423,0.0,247.85477,29.735033,0.0,258.6901,7.5562916,0.0,239.0363,8.693117,0.0,243.43501,11.315902,0.0,103.24053
2024-08-08 17:00:00,20.7815,1012.5,7.8767514,0.0,164.24876,7.968754,0.0,163.85559,13.78866,0.0,165.96373,15.036305,0.0,169.17703,18.56871,0.0,176.51074,27.943304,0.0,192.20045,29.248697,0.0,203.9625,29.920006,0.0,221.36694,32.17737,0.0,225.55618,36.267654,0.0,228.62158,43.315613,0.0,235.359,60.938,0.0,225.43074,66.88618,0.0,234.46223,78.07959,0.0,252.61752,61.14777,0.0,244.24957,27.831554,0.0,257.90524,10.12125,0.0,230.19447,5.9737735,0.0,257.4712,10.725427,0.0,115.01686
2024-08-08 18:00:00,20.0315,1011.9,6.600475,0.0,166.37299,6.6442757,0.0,165.96373,12.507767,0.0,170.38034,14.467122,0.0,172.23492,17.201897,0.0,176.98727,26.098148,0.0,188.13002,29.11382,0.0,198.9391,29.494648,0.0,216.21893,32.494244,0.0,223.89838,35.737064,0.0,224.9999,44.06037,0.0,241.92761,58.23235,0.0,235.42574,70.12507,0.0,238.21912,78.28097,0.0,250.6651,64.94999,0.0,241.38963,28.487555,0.0,252.80138,14.225345,0.0,239.9315,7.3877287,0.0,254.74483,9.566818,0.0,118.30067
2024-08-08 19:00:00,22.5315,1011.8,5.799032,0.0,166.42955,5.8137417,0.0,165.96373,9.932065,0.0,171.52895,12.016254,0.0,173.77426,14.707453,0.0,177.35751,20.272362,0.0,185.5721,26.479853,0.0,196.58742,28.501106,0.0,221.18584,34.051605,0.0,224.47443,35.74881,0.0,226.46873,43.238003,0.0,240.36171,58.834843,0.0,233.5086,72.1552,0.0,243.8952,77.05936,0.0,250.34608,68.234665,0.0,239.7828,29.121582,0.0,249.14546,16.391897,0.0,251.56496,7.8826113,0.0,260.53775,8.717231,0.0,131.98714
2024-08-09 11:00:00,12.6815,1008.8,2.889726,0.0,222.27362,2.9945345,0.0,222.27362,12.160654,0.0,241.23245,14.720852,0.0,248.3555,13.730149,0.0,237.09476,18.79872,0.0,217.01997,21.16357,0.0,209.83545,31.796396,0.0,212.51749,45.452026,0.0,207.81032,47.53032,0.0,207.61295,70.008224,0.0,210.5999,97.736916,0.0,208.94383,101.71112,0.0,206.89143,90.75418,0.0,213.34972,62.233246,0.0,218.65984,26.636835,0.0,228.94528,14.959011,0.0,252.3498,3.9413056,0.0,189.46225,9.163349,0.0,98.13002
2024-08-09 12:00:00,14.231501,1008.8,4.40699,0.0,228.57643,4.436128,0.0,230.52756,10.502877,0.0,238.84074,13.696678,0.0,242.62238,13.666746,0.0,235.78426,17.523588,0.0,218.15727,19.076944,0.0,206.9276,31.369629,0.0,216.74756,43.29687,0.0,208.65701,48.785694,0.0,210.31113,68.48033,0.0,212.6375,98.83257,0.0,207.74095,102.637695,0.0,204.62355,90.3996,0.0,213.00665,61.69119,0.0,216.02747,26.715527,0.0,219.09386,9.890476,0.0,238.39255,4.0979743,0.0,198.43504,9.911678,0.0,78.6901
2024-08-09 13:00:00,16.0815,1008.9,5.487691,0.0,247.06787,5.4237823,0.0,248.19853,9.470482,0.0,247.96371,11.778364,0.0,247.21756,13.748739,0.0,242.5925,16.639261,0.0,218.3952,17.456938,0.0,211.72356,30.426277,0.0,220.53276,41.59558,0.0,210.65059,46.782467,0.0,210.82759,67.23989,0.0,212.00534,95.917984,0.0,206.04572,100.73435,0.0,203.10184,90.120514,0.0,211.17563,62.179253,0.0,213.52449,27.221474,0.0,218.23387,11.147696,0.0,215.53777,3.2397332,0.0,180.0,13.66845,0.0,84.55976
2024-08-09 14:00:00,17.3815,1008.4,6.355495,0.0,246.57129,6.3219543,0.0,247.52052,10.054473,0.0,249.30447,11.337588,0.0,249.82925,12.171975,0.0,248.19853,14.631524,0.0,227.72636,15.34842,0.0,219.2894,27.77661,0.0,221.57603,40.32091,0.0,212.47118,46.782467,0.0,210.82759,69.78599,0.0,211.32863,95.547424,0.0,202.73946,99.381165,0.0,199.0257,91.85772,0.0,206.38425,64.35581,0.0,212.24994,27.344578,0.0,216.32692,14.342911,0.0,198.43504,4.3465586,0.0,153.43501,14.31361,0.0,95.19434
2024-08-09 15:00:00,18.8815,1007.9,5.5254316,0.0,230.71062,5.4424524,0.0,231.009,7.654062,0.0,235.0079,8.795476,0.0,237.09476,9.032636,0.0,238.29861,11.877126,0.0,230.04251,13.5662155,0.0,222.58044,25.598572,0.0,223.93918,37.248783,0.0,213.87857,44.23156,0.0,211.82741,69.78599,0.0,211.32863,96.01861,0.0,201.37068,98.71144,0.0,195.22218,91.05438,0.0,204.37645,65.95385,0.0,213.37785,28.42116,0.0,204.22774,15.401517,0.0,202.24907,6.7647614,0.0,163.30067,14.151369,0.0,105.945465
2024-08-09 16:00:00,20.3815,1007.7,5.606892,0.0,236.3099,5.5311947,0.0,236.88864,7.8262124,0.0,235.88548,8.434088,0.0,235.49141,8.592033,0.0,234.63745,8.956563,0.0,232.81522,11.264901,0.0,224.02907,23.229189,0.0,223.83095,36.293392,0.0,211.56175,42.44916,0.0,211.26367,68.34225,0.0,211.4295,96.93465,0.0,199.5251,99.169716,0.0,194.76266,93.63222,0.0,204.96896,63.673744,0.0,211.26367,29.279736,0.0,204.86368,15.93738,0.0,206.56499,7.244264,0.0,190.3048,16.55754,0.0,120.579155
2024-08-09 17:00:00,21.9315,1007.1,6.0727506,0.0,230.19447,6.139614,0.0,228.99101,8.456719,0.0,230.01317,9.16578,0.0,233.67308,9.406672,0.0,234.78232,9.153802,0.0,233.74606,9.371768,0.0,228.50363,21.092834,0.0,224.35634,34.9343,0.0,212.08215,40.45388,0.0,211.90807,64.78495,0.0,210.66885,93.90086,0.0,196.43423,94.59134,0.0,189.46225,92.05861,0.0,202.77501,61.745613,0.0,208.1785,30.148676,0.0,208.21725,15.67174,0.0,209.7448,4.5356264,0.0,180.0,12.225433,0.0,122.00535
2024-08-09 18:00:00,22.6815,1006.9,5.3763957,0.0,229.39879,5.287408,0.0,229.63554,7.736382,0.0,231.58191,8.915329,0.0,235.92276,9.655915,0.0,237.42595,9.897435,0.0,235.1246,9.782737,0.0,230.59937,17.787952,0.0,222.70937,31.897139,0.0,210.82759,37.69803,0.0,208.76755,62.45211,0.0,210.5559,97.91716,0.0,194.95589,94.812996,0.0,190.23474,90.12284,0.0,206.01231,61.73201,0.0,205.48915,32.006207,0.0,211.75943,13.66845,0.0,211.4295,5.7954116,0.0,153.43501,10.627115,0.0,127.568665
2024-08-09 19:00:00,23.0315,1006.9,5.83152,0.0,233.13002,5.761159,0.0,233.53067,8.528737,0.0,233.97253,9.341644,0.0,234.46223,9.7218275,0.0,234.46223,9.9918,0.0,232.0012,10.134061,0.0,228.23979,15.622928,0.0,215.39488,31.238691,0.0,208.7397,36.250282,0.0,204.27443,58.674065,0.0,210.52963,94.16652,0.0,195.56638,90.35314,0.0,190.7458,94.49364,0.0,205.15927,58.55947,0.0,204.86368,31.63679,0.0,214.9921,13.482897,0.0,215.21768,8.014658,0.0,165.96373,8.247014,0.0,135.0001
2024-08-10 11:00:00,10.231501,1007.8,3.1162126,0.0,176.42374,3.229236,0.0,176.42374,10.868784,0.0,202.6199,13.98298,0.0,223.11183,13.837634,0.0,231.63248,13.103477,0.0,235.71307,14.531225,0.0,234.83348,17.495071,0.0,233.56905,16.91511,0.0,229.23648,16.198666,0.0,233.13002,18.55437,0.0,245.22488,23.982782,0.0,231.58191,34.68785,0.0,212.79953,36.029564,0.0,217.6943,33.699455,0.0,217.97166,21.450853,0.0,205.01686,8.717231,0.0,228.01286,3.3038929,0.0,191.30989,8.813027,0.0,72.89719
2024-08-10 12:00:00,12.5815,1008.2,4.3465586,0.0,206.56499,4.2349114,0.0,205.34613,10.396267,0.0,210.17343,15.667731,0.0,223.87679,15.602476,0.0,231.46979,14.5672455,0.0,232.54935,14.37996,0.0,230.3322,14.7006,0.0,226.84758,15.111262,0.0,232.12495,18.003126,0.0,239.74365,23.974026,0.0,251.07526,26.119566,0.0,240.25522,33.03893,0.0,221.82008,31.108189,0.0,215.6765,32.28049,0.0,218.48022,19.738459,0.0,203.19861,7.8023114,0.0,221.63345,3.2397335,0.0,143.13002,9.740774,0.0,86.186005
2024-08-10 13:00:00,14.6315,1007.6,5.3623214,0.0,223.53127,5.42004,0.0,221.98714,9.04579,0.0,220.31403,11.982841,0.0,223.53127,14.933245,0.0,230.52756,15.782129,0.0,239.0363,15.06563,0.0,233.74606,14.93182,0.0,224.09071,15.631837,0.0,227.29063,17.446497,0.0,238.67136,26.439083,0.0,252.89719,28.131634,0.0,241.07367,30.294538,0.0,228.46832,30.563583,0.0,212.00534,31.490477,0.0,216.6342,21.450853,0.0,205.01686,6.887768,0.0,221.18582,1.4488529,0.0,153.43501,8.195949,0.0,71.564964
2024-08-10 14:00:00,15.481501,1008.1,6.328685,0.0,222.5104,6.273633,0.0,222.39738,10.207557,0.0,222.5104,12.593205,0.0,224.9999,14.398527,0.0,227.54485,16.535236,0.0,233.47105,14.799609,0.0,231.66663,14.457915,0.0,225.9391,14.424024,0.0,229.9698,17.25291,0.0,235.71307,25.26992,0.0,247.3801,29.833706,0.0,235.6196,25.203377,0.0,223.95847,26.58951,0.0,226.97493,29.337032,0.0,223.21011,21.155237,0.0,207.3498,8.297766,0.0,218.65984,5.223913,0.0,187.12492,9.740774,0.0,86.186005
2024-08-12 15:00:00,18.4315,1016.0,4.745518,0.0,325.0079,4.754018,0.0,323.61554,7.483791,0.0,324.09018,8.61394,0.0,326.3099,10.954778,0.0,338.19852,14.162638,0.0,7.989236,17.69745,0.0,21.476864,20.975355,0.0,12.926001,22.44408,0.0,10.203924,24.698586,0.0,4.5139127,27.49005,0.0,8.130019,36.01208,0.0,8.275804,32.280495,0.0,10.407656,30.972937,0.0,15.780828,16.846615,0.0,337.3801,10.058838,0.0,345.06854,4.67241,0.0,326.3099,7.156805,0.0,5.19435,9.163349,0.0,81.86999
2024-08-12 16:00:00,19.6815,1016.1,5.504878,0.0,312.1375,5.42004,0.0,311.98712,8.130122,0.0,316.04153,8.76593,0.0,318.01285,9.041116,0.0,323.13,11.658471,0.0,7.274921,14.858592,0.0,24.702421,18.79801,0.0,11.3098955,20.056114,0.0,7.59456,22.068268,0.0,3.3664,25.278225,0.0,1.4687687,31.749388,0.0,360.0,29.81259,0.0,358.75467,26.573715,0.0,358.60284,17.386234,0.0,333.43503,8.644687,0.0,347.00537,6.479467,0.0,323.13,8.247014,0.0,44.999897,7.8826113,0.0,80.53775
2024-08-12 17:00:00,21.5315,1015.9,4.132661,0.0,318.81415,4.1526723,0.0,320.90613,6.856204,0.0,322.43134,7.65109,0.0,325.40765,8.026378,0.0,327.6526,9.599327,0.0,1.4687687,13.162627,0.0,25.513834,17.746859,0.0,10.885482,18.247248,0.0,6.9528637,20.086346,0.0,360.0,22.825756,0.0,353.4803,29.508263,0.0,351.15826,28.3398,0.0,349.46088,23.762953,0.0,348.9965,17.118551,0.0,330.5242,7.5840216,0.0,340.0168,7.3877287,0.0,322.12497,3.3038929,0.0,78.6901,6.511783,0.0,95.7105
2024-08-12 18:00:00,22.5815,1016.1,5.233949,0.0,328.67136,5.1474223,0.0,329.42084,7.312541,0.0,329.03632,7.785545,0.0,329.8587,7.6849484,0.0,331.9276,7.471347,0.0,342.75845,10.244937,0.0,18.435053,16.639526,0.0,9.272532,16.839943,0.0,4.5139127,18.188728,0.0,355.91446,22.001583,0.0,346.373,27.059046,0.0,343.3007,27.914396,0.0,338.19852,24.390696,0.0,343.0091,18.89073,0.0,329.03632,8.297766,0.0,308.65982,7.5562916,0.0,329.03632,2.336205,0.0,56.3099,6.978599,0.0,111.801476
2024-08-12 19:00:00,23.5815,1016.4,4.8596,0.0,323.13,4.754018,0.0,323.61554,6.7825313,0.0,326.3099,7.114384,0.0,328.73633,7.179722,0.0,331.8215,7.002868,0.0,341.56494,8.1397295,0.0,5.7105074,14.658516,0.0,10.539137,15.487589,0.0,3.2704222,17.044815,0.0,351.2539,22.37997,0.0,337.8905,27.313854,0.0,337.69376,30.721146,0.0,332.3541,26.95022,0.0,332.81897,18.257845,0.0,332.52567,8.717231,0.0,311.98712,5.4980097,0.0,315.0001,2.336205,0.0,146.3099,6.6077857,0.0,101.3099
2024-08-13 11:00:00,9.0815,1018.4,3.584264,0.0,220.60121,3.7142632,0.0,220.60121,13.801327,0.0,268.26434,13.528615,0.0,264.47256,12.883591,0.0,270.0,8.4164,0.0,285.25516,8.537447,0.0,304.69522,8.071357,0.0,318.36655,9.729235,0.0,309.47244,11.536363,0.0,321.8427,13.294755,0.0,316.9749,15.818395,0.0,304.9921,20.128107,0.0,303.17853,20.865492,0.0,306.15826,18.790455,0.0,313.60287,12.861375,0.0,310.91428,11.147696,0.0,305.53775,5.7954116,0.0,333.43503,7.008615,0.0,56.3099
2024-08-13 12:00:00,12.8815,1018.7,2.4893298,0.0,231.34016,2.626381,0.0,237.52882,11.771836,0.0,276.11542,11.36875,0.0,276.58185,10.998992,0.0,279.46225,8.720235,0.0,286.38962,7.640896,0.0,302.00534,7.5982585,0.0,318.57642,9.064605,0.0,313.0251,9.63242,0.0,317.72638,12.3790045,0.0,312.8789,17.106281,0.0,307.30402,21.25423,0.0,307.56866,19.833944,0.0,308.36752,17.874405,0.0,313.53125,13.357763,0.0,309.09384,11.947547,0.0,310.60123,4.9346147,0.0,336.8014,8.247014,0.0,44.999897
2024-08-13 13:00:00,17.481499,1018.5,3.3045282,0.0,241.92761,3.4243815,0.0,241.92761,10.759709,0.0,262.18478,11.730207,0.0,268.93912,11.158089,0.0,276.98096,10.921104,0.0,292.5206,9.135468,0.0,304.15976,9.7192,0.0,316.3971,10.351278,0.0,309.8055,10.079684,0.0,315.0001,13.294755,0.0,316.9749,17.434462,0.0,311.98712,21.095615,0.0,312.5104,18.003126,0.0,300.25635,18.349594,0.0,312.1375,14.225345,0.0,300.06848,12.052505,0.0,323.74606,7.1274137,0.0,360.0,9.7192,0.0,53.13002
2024-08-13 14:00:00,20.981499,1018.5,4.3465586,0.0,243.43501,4.5042057,0.0,243.43501,9.850356,0.0,252.71841,12.9314,0.0,262.27826,11.70554,0.0,280.0079,10.987427,0.0,304.046,9.023075,0.0,308.92755,9.953294,0.0,315.0001,10.074175,0.0,307.87503,9.63242,0.0,312.27362,12.44665,0.0,321.34018,16.519464,0.0,318.1799,19.243034,0.0,315.0001,17.446499,0.0,291.80148,17.874405,0.0,313.53125,15.455938,0.0,303.02386,11.315902,0.0,336.3706,6.6077857,0.0,348.6901,11.590823,0.0,63.435013
2024-08-13 15:00:00,23.3815,1018.5,5.3482094,0.0,250.9064,5.479603,0.0,252.89719,9.277067,0.0,255.65063,10.3546915,0.0,260.34018,11.112208,0.0,274.66678,9.897435,0.0,304.8754,9.545156,0.0,315.0001,11.14073,0.0,313.7812,11.150068,0.0,303.6901,9.7192,0.0,306.86996,11.536363,0.0,321.8427,16.494028,0.0,315.0001,19.330107,0.0,309.55963,19.823357,0.0,281.3099,17.434462,0.0,311.98712,16.094662,0.0,310.10083,10.467898,0.0,338.19852,7.244264,0.0,10.304792,12.580849,0.0,78.11137
2024-08-13 16:00:00,25.231499,1018.3,5.834759,0.0,271.90912,5.845064,0.0,271.97488,9.199038,0.0,271.3019,9.775909,0.0,271.273,9.7428255,0.0,273.9908,9.133937,0.0,297.25525,9.926962,0.0,315.0001,11.614594,0.0,313.83093,11.671738,0.0,299.4758,9.34482,0.0,303.6901,10.627115,0.0,322.43134,15.577695,0.0,315.0001,18.349594,0.0,312.1375,19.492321,0.0,285.4222,16.595531,0.0,308.65982,16.353436,0.0,303.6901,8.423307,0.0,337.3801,5.867407,0.0,6.3401003,11.034134,0.0,93.366394
2024-08-13 17:00:00,26.5315,1017.7,5.0875163,0.0,276.58185,5.071984,0.0,276.84268,7.550625,0.0,274.76355,8.082809,0.0,276.17007,8.215111,0.0,277.90707,7.7027617,0.0,296.56497,9.195111,0.0,319.7637,10.911525,0.0,317.4896,11.671738,0.0,299.4758,9.890476,0.0,301.60745,10.547808,0.0,317.4896,15.604623,0.0,311.63345,17.92132,0.0,310.60123,20.744415,0.0,284.47034,17.106281,0.0,307.30402,15.126468,0.0,316.73566,6.3815346,0.0,336.0375,3.6653402,0.0,44.999897,11.185293,0.0,100.00792
2024-08-13 18:00:00,27.3815,1017.2,4.4750557,0.0,267.5105,4.436128,0.0,267.3975,7.109586,0.0,271.68463,7.6510906,0.0,276.5197,7.8461313,0.0,281.6336,8.0449295,0.0,293.4287,8.099333,0.0,306.86996,10.792496,0.0,323.8417,11.401052,0.0,305.53775,9.890476,0.0,301.60745,10.627115,0.0,307.56866,15.292091,0.0,306.38443,18.68964,0.0,303.6901,22.163187,0.0,285.25516,16.95839,0.0,313.4519,14.689967,0.0,318.57642,5.573848,0.0,324.46225,5.536059,0.0,20.556128,9.024853,0.0,111.03758
2024-08-13 19:00:00,28.0315,1017.0,4.669264,0.0,272.3859,4.6373634,0.0,272.4895,6.910153,0.0,273.46817,7.4131093,0.0,275.04236,7.7676024,0.0,278.36578,8.0147705,0.0,287.87878,8.103831,0.0,299.98157,10.693169,0.0,327.8043,10.973632,0.0,310.10083,9.890476,0.0,301.60745,11.681025,0.0,303.6901,17.106281,0.0,307.30402,19.589005,0.0,304.21576,21.781033,0.0,292.751,16.494028,0.0,315.0001,14.775457,0.0,322.12497,6.414345,0.0,315.0001,2.336205,0.0,326.3099,7.5840216,0.0,109.98319
2024-08-14 11:00:00,13.1315,1019.8,3.0239055,0.0,224.9999,4.028684,0.0,233.13002,10.138847,0.0,284.32275,7.785545,0.0,292.98874,6.9776387,0.0,294.90472,6.383237,0.0,297.5527,7.1327295,0.0,299.4758,9.479327,0.0,315.0001,8.702092,0.0,336.0375,8.693117,0.0,333.43503,13.66845,0.0,328.5705,21.538744,0.0,316.2188,20.2425,0.0,320.1945,24.113716,0.0,329.30035,28.933558,0.0,325.954,19.780952,0.0,328.39255,12.173812,0.0,25.201094,4.9346147,0.0,23.198618,13.023566,0.0,84.2895
2024-08-14 12:00:00,16.1815,1020.2,2.2163186,0.0,232.12495,3.248029,0.0,240.25522,9.859221,0.0,274.8644,6.5733256,0.0,277.59454,5.8940864,0.0,265.60138,6.8939514,0.0,267.95465,7.428069,0.0,289.0936,9.998331,0.0,320.44037,7.9643345,0.0,340.55988,7.8291693,0.0,335.55606,11.681025,0.0,326.3099,18.349594,0.0,317.86246,17.626055,0.0,323.97253,22.11578,0.0,328.17258,27.680294,0.0,327.42596,20.865492,0.0,323.8417,13.729744,0.0,19.290138,5.1835737,0.0,360.0,13.622299,0.0,87.27374
2024-08-14 13:00:00,19.6815,1019.9,2.9222324,0.0,273.814,3.2229471,0.0,270.0,10.250266,0.0,272.33725,9.145171,0.0,265.91446,7.4039235,0.0,257.66092,8.119838,0.0,270.0,7.871137,0.0,292.16638,10.324419,0.0,324.24603,7.31279,0.0,334.98312,8.118749,0.0,331.38962,12.44665,0.0,321.34018,18.349594,0.0,317.86246,16.896383,0.0,327.52884,24.390697,0.0,320.38934,29.1576,0.0,323.13,21.392056,0.0,324.86572,13.357763,0.0,22.833694,7.8023114,0.0,4.763556,11.091061,0.0,96.70974
2024-08-14 14:00:00,22.6315,1020.0,3.3273182,0.0,263.29025,3.6481287,0.0,263.6599,7.1555233,0.0,263.29025,9.644748,0.0,262.23492,8.941682,0.0,253.85559,7.6435847,0.0,273.6913,7.244264,0.0,296.56497,9.202762,0.0,326.88864,6.914979,0.0,333.43503,8.118749,0.0,331.38962,12.3790045,0.0,317.1211,16.042406,0.0,316.63654,14.775457,0.0,322.12497,26.119566,0.0,313.995,30.065002,0.0,322.88306,21.781033,0.0,329.62094,10.686212,0.0,14.036275,8.644687,0.0,12.99463,7.244264,0.0,116.56499
2024-08-14 15:00:00,24.981499,1020.3,3.1643424,0.0,259.3804,3.5178971,0.0,256.75946,5.7810717,0.0,257.4712,6.953435,0.0,255.52966,8.22754,0.0,254.05453,6.9289913,0.0,263.88458,6.8299575,0.0,288.43503,8.112997,0.0,321.70978,6.0088825,0.0,323.97253,7.244264,0.0,333.43503,13.294755,0.0,316.9749,16.094662,0.0,310.10083,15.604623,0.0,311.63345,30.239054,0.0,315.0001,31.696447,0.0,319.1447,20.895653,0.0,330.25522,11.034134,0.0,3.3664,7.8291693,0.0,24.443953,5.9737735,0.0,130.60121
2024-08-14 16:00:00,26.5815,1020.1,4.432637,0.0,254.74483,4.7880363,0.0,255.37909,6.84664,0.0,257.66092,7.539299,0.0,258.3664,7.581207,0.0,259.69522,7.398057,0.0,266.186,7.2039056,0.0,282.99463,8.057428,0.0,315.0001,6.2477384,0.0,315.0001,6.7647614,0.0,343.3007,12.580849,0.0,325.4914,13.745025,0.0,315.0001,15.685129,0.0,321.70978,32.53312,0.0,314.19315,33.449364,0.0,315.78473,19.449196,0.0,330.01843,10.387376,0.0,356.42374,4.717123,0.0,15.945477,7.5840216,0.0,109.98319
2024-08-14 17:00:00,27.5815,1020.0,4.8596,0.0,253.73972,5.2295365,0.0,254.3577,7.469182,0.0,252.07199,8.175652,0.0,253.0091,8.22754,0.0,254.05453,8.179271,0.0,254.29129,7.6361246,0.0,261.87,6.234054,0.0,306.25394,5.0370874,0.0,307.87503,4.717123,0.0,344.05453,11.334437,0.0,329.03632,15.126468,0.0,313.26434,17.92132,0.0,319.39877,32.124043,0.0,311.72943,33.953888,0.0,318.09415,18.89073,0.0,337.8336,11.947547,0.0,347.4712,2.671553,0.0,345.9637,5.060625,0.0,129.80553
2024-08-14 18:00:00,28.3315,1019.0,5.2339487,0.0,254.93146,5.2295365,0.0,254.3577,7.5041943,0.0,257.125,7.75215,0.0,258.6901,7.8036923,0.0,259.9921,7.173695,0.0,264.09396,6.7494445,0.0,270.0,5.2351294,0.0,309.8055,5.657568,0.0,321.34018,5.223913,0.0,352.87506,10.447826,0.0,330.25522,14.689967,0.0,311.42358,19.833944,0.0,308.36752,31.616877,0.0,314.16977,33.30471,0.0,322.90707,17.685503,0.0,331.55716,16.003103,0.0,328.24057,6.671019,0.0,29.054508,7.1274137,0.0,90.0
2024-08-14 19:00:00,28.6815,1018.6,3.3947709,0.0,256.75946,3.3221378,0.0,255.96373,5.1240673,0.0,258.23172,5.53725,0.0,258.6901,5.7225695,0.0,260.9098,5.6806374,0.0,265.03033,5.4063005,0.0,267.13766,3.9227695,0.0,289.9832,6.0088825,0.0,323.97253,4.0979743,0.0,341.56494,9.7192,0.0,323.13,15.126468,0.0,313.26434,22.454882,0.0,313.83093,31.775824,0.0,320.79282,32.917988,0.0,323.8067,17.506556,0.0,321.009,17.25291,0.0,325.71307,5.7954116,0.0,26.564985,5.83152,0.0,90.0
2024-08-15 11:00:00,13.531501,1018.1,1.7494559,0.0,270.0,1.8129078,0.0,270.0,7.5737324,0.0,332.02063,3.0715137,0.0,8.130019,2.0467696,0.0,6.3401003,2.472829,0.0,354.2895,1.7287011,0.0,321.34018,2.7020237,0.0,277.1249,2.379068,0.0,291.80145,4.5816746,0.0,278.13,15.181876,0.0,309.8055,38.491524,0.0,323.9016,56.255806,0.0,327.22513,58.451828,0.0,324.01923,48.162098,0.0,317.72638,25.002684,0.0,328.78165,12.328027,0.0,356.98727,7.008615,0.0,56.3099,8.448192,0.0,85.60138
2024-08-15 12:00:00,16.5815,1018.3,1.4151368,0.0,285.94547,1.4664632,0.0,285.94547,5.353398,0.0,321.34018,0.48564896,0.0,26.564985,0.2260279,0.0,360.0,1.1003945,0.0,26.564985,0.0,0.0,270.0,1.9542134,0.0,239.03632,1.3253455,0.0,270.0,3.4892995,0.0,291.80148,15.292091,0.0,323.61554,45.47182,0.0,327.21573,60.450333,0.0,329.03632,61.168365,0.0,323.61554,50.87516,0.0,316.5481,24.800365,0.0,326.7251,13.10391,0.0,8.530692,7.008615,0.0,56.3099,9.094364,0.0,85.91447
2024-08-15 13:00:00,19.481499,1018.8,1.6721544,0.0,324.46225,1.7328025,0.0,324.46225,3.5960314,0.0,324.46225,0.89549243,0.0,284.03625,0.4520558,0.0,270.0,0.69595057,0.0,135.0001,1.9090312,0.0,188.13002,2.883025,0.0,215.53777,1.592867,0.0,236.3099,2.7490048,0.0,315.0001,16.237497,0.0,331.38962,48.785694,0.0,329.68887,60.578682,0.0,327.66983,60.130005,0.0,322.88306,53.654522,0.0,317.44708,24.800365,0.0,326.7251,12.763069,0.0,23.962492,5.060625,0.0,50.194473,12.328027,0.0,86.98728
2024-08-15 14:00:00,22.5315,1017.8,0.38876802,0.0,360.0,0.4028684,0.0,360.0,0.6609637,0.0,341.56494,0.4343776,0.0,90.0,1.5162413,0.0,116.56499,2.460557,0.0,126.86999,3.2397332,0.0,180.0,2.4167638,0.0,213.6901,1.8743215,0.0,224.9999,2.336205,0.0,326.3099,17.386234,0.0,333.43503,46.656662,0.0,332.72333,57.97222,0.0,332.00293,58.591724,0.0,321.73596,57.419193,0.0,319.1183,26.119566,0.0,330.25522,9.63242,0.0,42.27363,1.2958934,0.0,270.0,12.958933,0.0,90.0
2024-08-15 15:00:00,25.6815,1017.8,2.3487508,0.0,155.55606,2.4339385,0.0,155.55606,3.3048184,0.0,161.56496,3.4340565,0.0,161.56496,4.0433097,0.0,153.43501,4.523679,0.0,157.61981,4.5975556,0.0,183.3664,2.8634784,0.0,200.55612,2.9635625,0.0,206.56499,1.94384,0.0,270.0,16.519463,0.0,334.44006,44.23156,0.0,328.17258,55.132607,0.0,330.42224,58.3152,0.0,323.13,59.40297,0.0,320.75458,24.078869,0.0,336.19403,4.148883,0.0,51.34017,0.6479467,0.0,360.0,12.580849,0.0,101.88863
2024-08-15 16:00:00,27.2815,1017.4,3.1643424,0.0,169.3804,3.0482528,0.0,172.40546,4.4338794,0.0,171.86998,4.6429667,0.0,169.21574,4.831925,0.0,169.21574,5.0185714,0.0,168.69011,5.4063005,0.0,182.86235,3.3681638,0.0,174.2895,4.505308,0.0,191.30989,3.2397335,0.0,233.13002,14.21058,0.0,335.77228,43.562065,0.0,329.62094,55.383335,0.0,331.33615,58.49132,0.0,320.84457,60.231163,0.0,319.7999,22.314215,0.0,334.17905,3.2397332,0.0,270.0,1.94384,0.0,360.0,11.590823,0.0,116.56499
2024-08-15 17:00:00,28.4315,1017.0,3.5043075,0.0,183.17976,3.447998,0.0,186.70975,5.033749,0.0,184.76355,5.2170544,0.0,182.3859,5.198642,0.0,180.0,5.4188147,0.0,177.39749,5.426486,0.0,174.2895,4.9822865,0.0,160.34608,5.3197575,0.0,184.76355,3.7781458,0.0,239.0363,16.846615,0.0,337.3801,42.240955,0.0,327.52884,51.302483,0.0,332.14044,55.591408,0.0,319.2539,58.405125,0.0,326.3099,17.626055,0.0,323.97253,6.7647614,0.0,286.6993,4.5356264,0.0,360.0,9.001563,0.0,149.74365
2024-08-15 18:00:00,29.1815,1016.2,3.584264,0.0,167.4712,3.7142632,0.0,167.4712,5.0554004,0.0,172.87508,5.6635914,0.0,175.60138,5.668751,0.0,175.42616,5.5019727,0.0,169.6952,5.3042216,0.0,165.2564,5.299105,0.0,161.56496,5.8941045,0.0,192.99461,3.7781458,0.0,239.0363,17.827368,0.0,340.9064,40.256214,0.0,326.82147,46.131798,0.0,330.55466,52.43166,0.0,320.01315,55.22772,0.0,328.92102,20.180183,0.0,312.3974,7.8291693,0.0,335.55606,7.8291693,0.0,24.443953,5.573848,0.0,125.537766
2024-08-15 19:00:00,29.6815,1015.9,3.8190398,0.0,194.7436,3.9575546,0.0,194.7436,5.577218,0.0,192.99461,5.963801,0.0,190.49142,5.915716,0.0,186.58185,5.905337,0.0,180.0,5.695187,0.0,174.55975,5.4557624,0.0,169.3804,5.8941045,0.0,192.99461,4.148883,0.0,231.34016,17.00783,0.0,342.25522,37.210423,0.0,324.92618,42.05169,0.0,326.3099,49.99277,0.0,317.62646,49.34615,0.0,330.06857,23.72759,0.0,304.9921,8.448192,0.0,355.60138,9.277185,0.0,24.775122,7.008615,0.0,123.6901
2024-08-16 11:00:00,12.981501,1013.1,2.889726,0.0,132.27362,2.8487098,0.0,135.0001,17.7712,0.0,181.34785,18.564243,0.0,186.04399,17.998692,0.0,187.21417,17.71772,0.0,180.7957,19.487085,0.0,169.6242,21.052858,0.0,166.18495,16.932407,0.0,172.50424,14.2548275,0.0,180.0,15.070855,0.0,205.4633,13.357763,0.0,219.09386,7.3877287,0.0,217.87505,19.4384,0.0,233.13002,16.029316,0.0,255.96373,11.89472,0.0,299.35767,3.2397335,0.0,323.13,5.060625,0.0,309.8055,4.5816746,0.0,135.0001
2024-08-16 12:00:00,16.1815,1012.7,4.4750557,0.0,145.6196,4.472565,0.0,144.16226,17.257355,0.0,168.8262,18.564243,0.0,173.95601,18.601698,0.0,175.12082,19.782633,0.0,174.2895,21.288906,0.0,167.55002,20.900251,0.0,164.18074,17.432198,0.0,171.25392,16.198666,0.0,180.0,16.003101,0.0,201.37068,14.560791,0.0,212.27562,13.023566,0.0,185.7105,23.072725,0.0,218.15727,16.25042,0.0,246.50142,11.681025,0.0,289.44012,4.148883,0.0,321.34015,7.156805,0.0,5.19435,4.9346147,0.0,113.198616
2024-08-16 13:00:00,18.5815,1013.1,6.2807393,0.0,158.19853,6.3219543,0.0,157.52052,15.676131,0.0,163.73972,19.765373,0.0,167.94923,20.363848,0.0,171.06052,22.232327,0.0,174.92049,23.085863,0.0,169.21574,21.378456,0.0,166.39944,18.199053,0.0,174.4279,16.846615,0.0,180.0,17.289373,0.0,192.99461,19.876232,0.0,199.0257,23.469627,0.0,186.3401,25.211704,0.0,205.90645,17.25291,0.0,235.71307,10.244937,0.0,288.43503,5.4980097,0.0,315.0001,7.77536,0.0,360.0,7.8023114,0.0,94.76356
2024-08-16 14:00:00,21.3815,1012.7,5.921538,0.0,156.80138,5.872766,0.0,157.8336,10.643363,0.0,160.49747,16.06757,0.0,166.71512,19.286684,0.0,169.8754,22.28129,0.0,173.6599,24.245447,0.0,172.32112,22.544563,0.0,168.85715,20.932255,0.0,172.72508,21.392056,0.0,178.26433,16.846615,0.0,180.0,21.732792,0.0,190.3048,23.469627,0.0,186.3401,27.244598,0.0,205.34613,19.26484,0.0,227.72638,11.015093,0.0,298.0724,6.1127167,0.0,327.99466,5.867407,0.0,353.6599,6.6077857,0.0,101.3099
2024-08-16 15:00:00,22.1315,1012.7,6.8889866,0.0,163.61038,6.94583,0.0,163.14153,11.771836,0.0,163.49556,13.544294,0.0,164.18074,16.670994,0.0,167.4712,22.309803,0.0,173.03185,24.04167,0.0,178.06946,21.47282,0.0,177.31628,20.002522,0.0,173.6599,21.538744,0.0,186.91113,18.968357,0.0,187.85323,24.656054,0.0,183.01273,25.278225,0.0,181.46877,33.04528,0.0,208.07239,22.01112,0.0,227.38597,10.861566,0.0,287.3541,7.3877287,0.0,344.7448,3.3038929,0.0,348.6901,3.4892995,0.0,111.801476
2024-08-16 16:00:00,22.0815,1012.5,5.456619,0.0,184.08554,5.4536242,0.0,184.23631,9.616965,0.0,178.75467,12.071087,0.0,171.7242,14.58712,0.0,167.4712,20.315619,0.0,168.8262,22.512003,0.0,174.49461,19.784903,0.0,181.94144,21.498032,0.0,189.46225,21.313408,0.0,199.53674,20.345938,0.0,189.16228,27.891827,0.0,177.33705,31.769217,0.0,191.76826,37.02379,0.0,212.85571,22.454882,0.0,223.83095,10.244937,0.0,288.43503,6.6077857,0.0,348.6901,2.336205,0.0,56.3099,4.5816746,0.0,98.13002
2024-08-16 17:00:00,23.981499,1012.5,7.3197904,0.0,169.28693,7.387447,0.0,168.9965,12.175015,0.0,168.11136,14.117272,0.0,165.74994,15.958595,0.0,164.38895,19.40099,0.0,164.55362,22.570208,0.0,173.1301,16.760592,0.0,181.14574,16.723644,0.0,192.20045,20.002565,0.0,204.90474,23.33508,0.0,181.59111,33.749252,0.0,183.3018,36.128475,0.0,212.54999,36.69919,0.0,222.13753,23.371033,0.0,223.87679,12.3790045,0.0,276.0089,5.223913,0.0,7.12493,6.146962,0.0,108.43504,7.156805,0.0,95.19434
2024-08-16 18:00:00,24.3815,1011.3,7.4401093,0.0,160.1447,7.5208097,0.0,159.62347,12.756771,0.0,161.86183,15.042579,0.0,162.3498,16.154276,0.0,162.07199,18.129814,0.0,161.81087,21.444124,0.0,169.11452,17.54316,0.0,186.58185,15.512772,0.0,199.9832,17.697367,0.0,203.7495,22.963287,0.0,196.38962,35.073017,0.0,205.14474,45.825916,0.0,226.14568,33.47446,0.0,227.35333,25.673738,0.0,227.04541,10.447826,0.0,262.8751,3.4892995,0.0,21.801476,5.536059,0.0,110.55613,7.8826113,0.0,99.46225
2024-08-16 19:00:00,23.3815,1010.9,6.7895417,0.0,166.75948,6.8398705,0.0,166.37299,12.232294,0.0,163.11313,14.288318,0.0,160.46326,16.117865,0.0,157.75093,19.062569,0.0,156.41296,22.344637,0.0,168.14702,15.776744,0.0,192.26476,15.836506,0.0,210.1413,16.25042,0.0,203.49858,23.36205,0.0,199.44012,36.544426,0.0,217.07315,52.359543,0.0,220.98572,28.406384,0.0,224.9999,25.303127,0.0,230.19447,11.315902,0.0,256.75946,2.8977058,0.0,63.435013,4.5816746,0.0,171.86998,6.978599,0.0,111.801476
2024-08-18 16:00:00,16.8815,1012.1,10.503934,0.0,357.87894,10.677913,0.0,358.9191,21.111557,0.0,359.43274,23.239202,0.0,360.0,24.189209,0.0,1.0708009,26.36932,0.0,3.2094285,25.37791,0.0,360.0,21.451885,0.0,359.10486,18.575861,0.0,357.27374,13.10391,0.0,351.4693,5.060625,0.0,320.1945,9.805212,0.0,187.59456,8.644687,0.0,167.00539,7.8826113,0.0,279.46225,16.029316,0.0,284.03625,19.41679,0.0,295.7099,5.573848,0.0,324.46225,0.6479467,0.0,270.0,11.034134,0.0,86.633606
2024-08-18 17:00:00,17.6815,1011.9,11.280974,0.0,358.0251,11.296491,0.0,356.93356,20.910912,0.0,358.28168,22.591812,0.0,358.89832,23.285261,0.0,358.8876,23.872475,0.0,1.1811631,24.715872,0.0,6.2709923,21.449268,0.0,360.0,19.12461,0.0,353.36758,14.775457,0.0,344.7448,7.8023114,0.0,318.36655,9.34482,0.0,236.3099,7.9091973,0.0,235.0079,11.823917,0.0,279.46225,18.326698,0.0,278.13,18.565678,0.0,299.24872,5.7954116,0.0,296.56497,3.2397335,0.0,216.86998,7.5840216,0.0,109.98319
2024-08-18 18:00:00,18.6315,1012.2,11.703466,0.0,355.23645,11.726517,0.0,355.07297,21.74661,0.0,358.34772,23.243261,0.0,358.9292,23.734005,0.0,359.45435,23.86867,0.0,0.5906523,24.37138,0.0,4.4473047,20.443834,0.0,360.0,19.180658,0.0,352.0566,16.029316,0.0,345.9637,8.448192,0.0,327.52884,7.3306804,0.0,224.9999,9.001563,0.0,210.25635,11.947547,0.0,282.5288,20.345938,0.0,279.16226,18.68964,0.0,303.6901,6.511783,0.0,275.7105,6.887768,0.0,228.81418,7.244264,0.0,116.56499
2024-08-18 19:00:00,18.3815,1012.5,10.892445,0.0,357.95462,10.884905,0.0,357.87894,20.484543,0.0,359.41537,22.3715,0.0,359.44376,23.055954,0.0,359.4383,23.621347,0.0,360.0,23.23221,0.0,1.997835,18.445148,0.0,357.91748,19.073517,0.0,346.60748,17.00783,0.0,342.25522,9.209053,0.0,320.7106,7.244264,0.0,243.43501,7.244264,0.0,243.43501,11.947547,0.0,282.5288,22.370586,0.0,280.0079,16.003103,0.0,301.75943,9.805212,0.0,277.59454,6.978599,0.0,248.19853,5.060625,0.0,129.80553
2024-08-19 18:00:00,12.0815,1020.7,9.574275,0.0,354.17374,10.723415,0.0,354.61078,16.962444,0.0,356.46777,17.821396,0.0,357.9048,18.087883,0.0,358.56793,17.96375,0.0,0.7848072,24.249956,0.0,11.5601,25.648981,0.0,353.24652,27.447418,0.0,326.82147,35.519062,0.0,308.33337,36.567394,0.0,299.74478,40.318737,0.0,315.0001,38.49698,0.0,313.63614,30.8915,0.0,279.65982,33.91678,0.0,276.58185,20.744415,0.0,268.2101,11.823917,0.0,279.46225,4.5816746,0.0,278.13,6.479467,0.0,143.13002
2024-08-19 19:00:00,13.281501,1021.2,9.767674,0.0,354.2895,11.344878,0.0,353.88458,17.618122,0.0,355.23645,18.523544,0.0,355.29224,18.794325,0.0,356.55267,18.960663,0.0,357.76886,23.710443,0.0,7.853233,26.218523,0.0,355.60138,28.19108,0.0,327.8043,38.660213,0.0,309.55963,41.15354,0.0,303.43988,50.87516,0.0,316.5481,42.63174,0.0,316.8476,30.64589,0.0,283.44864,31.914253,0.0,275.82623,24.009024,0.0,266.906,11.66304,0.0,270.0,4.3465586,0.0,243.43501,5.867407,0.0,186.3401
2024-08-20 11:00:00,4.6815,1024.7,4.8596,0.0,323.13,8.994889,0.0,325.954,23.374205,0.0,347.08218,25.010685,0.0,357.01343,25.098257,0.0,1.5481218,25.647692,0.0,3.8505647,26.470217,0.0,1.753369,30.898825,0.0,356.26868,38.016346,0.0,358.00217,44.7271,0.0,358.33975,55.73848,0.0,1.3321922,62.95762,0.0,8.8805895,58.674065,0.0,6.3401003,44.85832,0.0,349.17703,24.630497,0.0,324.63745,14.21058,0.0,294.22772,4.3465586,0.0,296.56497,2.336205,0.0,326.3099,4.9346147,0.0,66.80139
2024-08-20 12:00:00,6.3315,1024.8,6.346571,0.0,332.6502,9.019665,0.0,336.29733,21.819813,0.0,350.628,25.860065,0.0,358.07486,26.921053,0.0,2.4059253,26.932705,0.0,5.241738,27.333166,0.0,3.964588,31.503613,0.0,360.0,38.437557,0.0,0.6585307,46.00421,0.0,360.0,56.375084,0.0,0.6585307,64.54147,0.0,6.3401003,65.05656,0.0,5.1426864,46.45827,0.0,351.983,25.161697,0.0,325.4914,15.360573,0.0,297.64587,5.060625,0.0,309.8055,0.91633505,0.0,135.0001,7.3877287,0.0,74.74483
2024-08-20 13:00:00,8.731501,1024.9,5.8476963,0.0,338.5522,8.157464,0.0,339.77505,17.59331,0.0,350.42584,22.654366,0.0,355.60138,24.864096,0.0,359.47916,25.3867,0.0,3.3337927,27.558899,0.0,2.2457027,31.505396,0.0,359.3905,38.87931,0.0,0.6510448,46.65666,0.0,359.20428,55.090714,0.0,358.65213,62.47563,0.0,5.3557334,65.5996,0.0,3.964588,45.81675,0.0,351.87,24.113716,0.0,329.30035,13.482897,0.0,305.21768,6.1127167,0.0,302.00534,2.0489872,0.0,251.56496,7.156805,0.0,84.805664
2024-08-20 14:00:00,11.1815,1025.1,7.9317255,0.0,342.8972,10.515174,0.0,343.3007,14.397787,0.0,346.56894,20.489552,0.0,355.13556,23.960022,0.0,0.54050505,25.4629,0.0,5.5452304,28.141216,0.0,3.8505647,31.845816,0.0,1.206025,39.328506,0.0,1.2873042,47.317856,0.0,358.43066,56.375084,0.0,359.34146,61.18552,0.0,5.469005,65.70193,0.0,5.0920334,46.872124,0.0,354.4471,23.008951,0.0,327.6526,12.958934,0.0,306.86996,5.573848,0.0,324.46225,5.536059,0.0,249.44386,7.8023114,0.0,94.76356
2024-08-20 15:00:00,13.6315,1024.5,8.816123,0.0,345.9637,11.536396,0.0,347.90527,15.781676,0.0,348.54126,17.323446,0.0,352.07315,21.246622,0.0,360.0,27.072838,0.0,7.8354335,29.013506,0.0,5.33915,33.181026,0.0,0.5787131,39.34091,0.0,1.930544,47.304546,0.0,359.21518,53.81469,0.0,2.0699892,59.392365,0.0,6.892335,66.24601,0.0,3.9258335,46.22726,0.0,354.36942,23.558899,0.0,328.4958,11.947547,0.0,310.60123,5.9737735,0.0,347.4712,1.2958934,0.0,270.0,9.434246,0.0,105.945465
2024-08-20 16:00:00,15.231501,1025.0,9.052954,0.0,345.06854,11.823004,0.0,346.2005,15.98658,0.0,348.6901,16.746088,0.0,350.2934,17.52263,0.0,353.33344,24.193668,0.0,4.6667724,28.37979,0.0,2.7262611,33.181026,0.0,0.5787131,38.49844,0.0,3.289178,46.65666,0.0,0.7957082,54.6738,0.0,5.4402504,61.89502,0.0,6.0089183,65.70193,0.0,5.0920334,45.374775,0.0,358.36346,23.585615,0.0,339.0754,10.547808,0.0,312.5104,6.511783,0.0,5.7105074,2.336205,0.0,146.3099,11.015093,0.0,118.072395
2024-08-20 17:00:00,16.5815,1024.4,9.621517,0.0,351.87,12.392707,0.0,352.52853,16.596638,0.0,354.21768,17.677889,0.0,354.35956,17.926163,0.0,354.93646,19.698292,0.0,357.85245,27.009924,0.0,1.7183301,33.206406,0.0,2.3136766,37.616367,0.0,3.3664,46.02246,0.0,1.6135141,54.892216,0.0,7.4604836,63.700108,0.0,9.366447,65.5996,0.0,3.964588,44.713013,0.0,359.1697,24.673075,0.0,336.8014,11.334437,0.0,300.96368,6.671019,0.0,29.054508,1.4488529,0.0,206.56499,11.463347,0.0,137.29063
2024-08-20 18:00:00,17.8315,1024.0,9.721144,0.0,348.4654,12.287487,0.0,349.6112,16.494984,0.0,351.2539,17.569489,0.0,351.46933,18.028471,0.0,352.07315,18.34229,0.0,353.06573,21.370918,0.0,356.3786,32.285427,0.0,4.763556,38.085587,0.0,3.9908433,46.077164,0.0,3.224455,56.742523,0.0,6.5568495,64.05503,0.0,7.5562563,63.66056,0.0,4.085537,43.533146,0.0,355.73218,26.119564,0.0,336.61475,9.34482,0.0,326.3099,3.6653402,0.0,44.999897,6.887768,0.0,221.18582,9.277185,0.0,155.22488
2024-08-20 19:00:00,18.4315,1022.9,10.258245,0.0,350.18076,12.485671,0.0,349.7779,17.462456,0.0,348.9591,18.61373,0.0,348.559,18.975578,0.0,347.61926,19.457079,0.0,346.84244,19.649115,0.0,347.3004,30.313475,0.0,5.7105074,37.2383,0.0,4.763556,46.22726,0.0,5.630594,58.18907,0.0,7.678872,64.78495,0.0,8.048972,63.551647,0.0,2.3372545,44.103233,0.0,357.47394,26.565813,0.0,347.3196,6.671019,0.0,330.9455,1.4488529,0.0,243.43501,4.5816746,0.0,224.9999,7.5562916,0.0,210.96368
2024-08-21 12:00:00,5.7315,1024.6,2.2668877,0.0,300.96368,6.205351,0.0,305.75397,9.698389,0.0,322.88306,12.432993,0.0,332.9874,15.623745,0.0,345.7627,18.513134,0.0,355.42615,18.090527,0.0,359.14493,21.378456,0.0,9.019256,28.33265,0.0,10.784258,33.317314,0.0,13.495748,41.39766,0.0,17.300613,51.388344,0.0,23.008904,53.697544,0.0,19.746927,49.60073,0.0,19.855309,23.762953,0.0,11.003508,7.77536,0.0,360.0,9.434246,0.0,74.054535,0.6479467,0.0,360.0,7.5562916,0.0,59.03632
2024-08-21 13:00:00,10.231501,1024.7,3.584264,0.0,310.60123,4.566829,0.0,311.42358,10.682285,0.0,329.42084,13.7533865,0.0,338.70258,15.404759,0.0,345.5559,17.2239,0.0,360.0,17.836931,0.0,2.6025116,20.95124,0.0,7.3522935,29.124111,0.0,9.605136,34.438843,0.0,11.94416,41.209614,0.0,16.44046,49.384422,0.0,19.148233,53.07233,0.0,17.771418,47.552402,0.0,19.916494,23.12725,0.0,11.3098955,7.1274137,0.0,360.0,8.693117,0.0,63.435013,3.7781458,0.0,30.963696,11.072118,0.0,69.44387
2024-08-21 14:00:00,13.6815,1024.9,4.205169,0.0,326.3099,5.252762,0.0,327.52884,8.791066,0.0,331.6071,13.3972225,0.0,340.09616,14.982769,0.0,348.6901,16.00119,0.0,1.7623575,17.836931,0.0,2.6025116,21.180517,0.0,4.5376954,28.68862,0.0,9.752367,34.310596,0.0,10.885482,42.21113,0.0,17.87879,49.384422,0.0,19.148233,51.649113,0.0,19.798973,48.383877,0.0,20.37652,23.647835,0.0,9.462261,7.156805,0.0,354.80566,10.14197,0.0,63.435013,3.88768,0.0,90.0,11.947547,0.0,77.4712
2024-08-21 15:00:00,16.6315,1025.1,4.118923,0.0,340.70987,4.9052434,0.0,340.8209,6.678677,0.0,339.8636,8.324312,0.0,344.87595,10.233849,0.0,353.6599,13.781316,0.0,1.0230169,16.470856,0.0,0.93916947,19.799091,0.0,2.9107854,26.803452,0.0,8.530692,35.371006,0.0,8.426887,43.533142,0.0,14.656797,51.023487,0.0,17.744766,53.27367,0.0,18.435053,49.40142,0.0,16.771315,24.528011,0.0,12.200457,7.156805,0.0,5.19435,10.14197,0.0,63.435013,3.7781458,0.0,120.96369,11.66304,0.0,90.0
2024-08-21 16:00:00,18.5315,1024.7,3.8190398,0.0,345.25638,4.7880363,0.0,345.3791,6.3946314,0.0,348.6901,7.071155,0.0,349.3804,7.737949,0.0,353.29025,12.059238,0.0,1.1691146,15.410032,0.0,3.0127327,18.48165,0.0,4.1595626,26.24794,0.0,6.7660856,36.01208,0.0,8.275804,44.501247,0.0,16.06006,51.839787,0.0,18.208578,54.918976,0.0,19.290138,50.829754,0.0,17.049126,24.528011,0.0,12.200457,6.3815346,0.0,23.962492,9.277185,0.0,65.22488,3.4892995,0.0,111.801476,11.315902,0.0,103.24053
2024-08-21 17:00:00,20.0815,1024.4,5.131885,0.0,335.37646,6.136309,0.0,336.8014,7.6683183,0.0,342.5527,7.8489046,0.0,345.5792,8.026378,0.0,350.2725,8.871665,0.0,356.82022,14.349515,0.0,4.3159466,18.147404,0.0,4.23632,26.19956,0.0,5.8066354,36.111042,0.0,9.2932415,44.68484,0.0,16.858482,52.965427,0.0,14.886319,55.746014,0.0,19.69872,46.118145,0.0,24.044224,24.528011,0.0,12.200457,5.9737735,0.0,12.528798,10.447826,0.0,60.255207,5.4980097,0.0,135.0001,11.89472,0.0,119.357666
2024-08-21 18:00:00,20.8315,1023.4,4.800931,0.0,338.6293,5.7329183,0.0,341.56494,7.6683183,0.0,342.5527,8.324312,0.0,344.87595,8.606885,0.0,346.32867,8.98019,0.0,350.53775,10.532594,0.0,358.53122,17.79111,0.0,3.2396317,26.158558,0.0,4.84392,36.221325,0.0,10.304792,44.463497,0.0,18.699081,53.59189,0.0,14.708352,56.356464,0.0,19.476671,44.520115,0.0,21.336927,24.528011,0.0,12.200457,6.1127167,0.0,32.005356,9.277185,0.0,65.22488,5.9737735,0.0,130.60121,11.947547,0.0,130.60121
2024-08-21 19:00:00,21.3815,1022.7,5.2339487,0.0,344.93146,6.11644,0.0,342.75845,7.809448,0.0,344.47583,8.534165,0.0,345.25638,8.663092,0.0,344.87595,8.594356,0.0,346.75946,9.01095,0.0,351.38443,17.79111,0.0,3.2396317,26.24794,0.0,6.7660856,35.707684,0.0,11.513804,43.077488,0.0,21.161337,53.13558,0.0,15.561579,56.356464,0.0,19.476671,46.56659,0.0,21.2093,25.632824,0.0,16.144413,5.573848,0.0,35.537766,6.3815346,0.0,66.03751,5.7954116,0.0,153.43501,10.783982,0.0,147.26479
2024-08-22 11:00:00,6.2315,1021.1,2.7074556,0.0,248.96242,5.0358553,0.0,253.73972,9.281775,0.0,277.76508,10.3546915,0.0,279.65982,11.518556,0.0,285.94547,10.040158,0.0,306.02747,9.445365,0.0,329.03632,16.19828,0.0,335.55606,18.743214,0.0,351.87,20.744415,0.0,358.21014,25.673737,0.0,349.82455,33.20371,0.0,354.40076,36.653397,0.0,351.87,36.01208,0.0,351.72418,26.20782,0.0,351.4693,9.434246,0.0,15.945477,1.8326701,0.0,315.0001,2.0489872,0.0,108.43504,4.717123,0.0,105.945465
2024-08-22 12:00:00,9.981501,1022.0,3.88768,0.0,270.0,7.866257,0.0,272.9356,15.781676,0.0,281.4587,15.036305,0.0,280.82297,14.982769,0.0,281.3099,10.453748,0.0,296.56497,8.228788,0.0,318.991,15.794533,0.0,342.7184,18.199053,0.0,354.4279,21.38224,0.0,360.0,26.95022,0.0,350.31128,33.848625,0.0,354.50775,37.294945,0.0,352.01077,36.47543,0.0,347.692,26.848772,0.0,351.67444,7.8023114,0.0,4.763556,2.671553,0.0,14.036275,1.4488529,0.0,116.56499,6.6077857,0.0,101.3099
2024-08-22 13:00:00,14.6815,1021.8,5.532266,0.0,288.43503,6.561315,0.0,287.87878,16.260244,0.0,287.96924,19.388283,0.0,282.9465,18.17523,0.0,280.75092,9.69347,0.0,293.9625,7.2543187,0.0,315.0001,14.7958,0.0,346.90808,17.50482,0.0,349.82455,19.481548,0.0,356.186,26.20782,0.0,351.4693,33.1024,0.0,356.6336,37.02379,0.0,355.9859,36.221325,0.0,349.69522,25.303127,0.0,357.0644,7.8023114,0.0,4.763556,3.6653402,0.0,44.999897,3.2397335,0.0,126.86999,6.6077857,0.0,101.3099
2024-08-22 14:00:00,18.3315,1022.0,4.575256,0.0,282.26477,5.5713954,0.0,282.5288,10.138847,0.0,284.32275,15.543801,0.0,285.3956,15.623745,0.0,284.2373,9.143874,0.0,293.80594,7.564197,0.0,304.82455,14.203183,0.0,340.70987,16.0811,0.0,344.05453,17.54249,0.0,355.76367,25.476748,0.0,352.69434,32.403812,0.0,358.85425,36.429356,0.0,354.89792,36.938644,0.0,344.7448,24.3993,0.0,349.28693,8.423307,0.0,360.0,4.0979743,0.0,71.564964,6.414345,0.0,135.0001,9.740774,0.0,93.814
2024-08-22 15:00:00,20.1315,1021.4,4.3160257,0.0,277.76508,5.099907,0.0,279.09018,8.281851,0.0,280.17545,9.541488,0.0,281.82147,10.470729,0.0,283.7363,9.337158,0.0,288.43503,8.211054,0.0,297.4075,13.070648,0.0,337.3801,15.656787,0.0,343.61038,16.896383,0.0,355.60138,24.698586,0.0,355.48608,32.42324,0.0,357.70944,36.111042,0.0,350.70676,35.87191,0.0,343.20154,24.3993,0.0,349.28693,7.244264,0.0,10.304792,3.2397332,0.0,90.0,6.3815346,0.0,156.0375,10.547809,0.0,100.619606
2024-08-22 16:00:00,21.6315,1020.4,3.7137012,0.0,276.0089,4.048777,0.0,275.7105,5.867333,0.0,274.08554,6.5481615,0.0,275.7105,6.8408456,0.0,277.59454,7.236715,0.0,287.81897,8.477474,0.0,307.23492,13.190408,0.0,332.78397,14.948947,0.0,341.02948,15.029011,0.0,352.5687,23.469627,0.0,353.6599,33.273182,0.0,353.29025,37.881336,0.0,347.15228,37.736984,0.0,344.05453,25.567225,0.0,351.2539,5.9737735,0.0,12.528798,3.3038929,0.0,101.3099,6.511783,0.0,174.2895,9.566818,0.0,118.30067
2024-08-22 17:00:00,23.1315,1020.0,3.2058632,0.0,255.96373,3.5178971,0.0,256.75946,4.8480687,0.0,262.5687,5.2170544,0.0,267.6141,5.4293766,0.0,272.3859,5.848677,0.0,284.6209,8.264142,0.0,308.36752,13.675387,0.0,323.97253,14.850705,0.0,329.62094,13.357763,0.0,337.1663,20.744415,0.0,345.52966,31.430426,0.0,345.67725,35.690037,0.0,344.19742,36.47543,0.0,347.692,24.052702,0.0,355.36462,4.5356264,0.0,360.0,1.8326701,0.0,135.0001,5.223913,0.0,187.12492,8.297766,0.0,141.34016
2024-08-22 18:00:00,23.8815,1019.5,3.1101441,0.0,270.0,3.2229471,0.0,270.0,4.1855235,0.0,272.86234,4.3654413,0.0,275.7105,4.571131,0.0,278.53067,4.668579,0.0,288.43503,6.7061086,0.0,310.10083,14.317393,0.0,327.42596,15.462363,0.0,323.13,13.11992,0.0,327.09476,19.330107,0.0,346.42953,30.64589,0.0,346.55136,36.77347,0.0,345.71887,34.578747,0.0,347.00537,23.263,0.0,347.125,4.3465586,0.0,333.43503,6.7647614,0.0,253.30067,3.2397335,0.0,143.13002,10.244937,0.0,145.30478
2024-08-22 19:00:00,24.8815,1019.1,4.0866895,0.0,267.27374,4.2349114,0.0,267.27374,5.43841,0.0,267.79745,5.6469088,0.0,270.0,5.668751,0.0,274.57382,5.5019727,0.0,280.30478,5.8154993,0.0,291.80148,13.679493,0.0,329.03632,16.292109,0.0,319.39877,14.775457,0.0,322.12497,19.056683,0.0,342.18103,28.487555,0.0,342.80136,34.892998,0.0,344.93146,36.267654,0.0,341.24124,23.154463,0.0,342.072,7.3877287,0.0,307.87503,4.5356264,0.0,270.0,3.3038929,0.0,168.69011,7.8023114,0.0,138.36655
2024-08-23 11:00:00,13.031501,1019.9,3.439004,0.0,222.70937,5.1592326,0.0,231.34016,20.277695,0.0,255.67725,19.534924,0.0,261.68982,15.055902,0.0,262.23492,11.836276,0.0,249.30446,10.047381,0.0,239.30035,14.092032,0.0,272.72626,17.070164,0.0,280.4374,17.92132,0.0,282.5288,23.36205,0.0,289.44012,32.189323,0.0,310.10083,34.730183,0.0,306.65622,29.013254,0.0,299.42737,23.982782,0.0,308.4181,17.25291,0.0,325.71307,8.195949,0.0,251.56496,3.7781458,0.0,149.03632,4.717123,0.0,74.054535
2024-08-23 12:00:00,14.8315,1020.0,3.9884262,0.0,223.02507,5.272038,0.0,226.54811,18.574139,0.0,250.95328,19.352974,0.0,260.9606,15.279887,0.0,262.34946,11.520032,0.0,250.0168,11.533456,0.0,237.42595,14.415125,0.0,271.33218,17.682314,0.0,282.99463,17.155298,0.0,280.88547,22.144236,0.0,290.55612,31.108189,0.0,305.67648,28.700455,0.0,298.30066,26.660465,0.0,295.94223,23.19975,0.0,305.9098,16.198666,0.0,323.13,8.118749,0.0,241.38963,3.7781458,0.0,210.96368,6.7647614,0.0,73.300674
2024-08-23 13:00:00,16.981499,1020.2,5.1318846,0.0,232.69597,5.761159,0.0,233.53067,13.682108,0.0,251.28816,18.157038,0.0,263.1301,15.159042,0.0,267.43628,10.346049,0.0,244.65385,11.511314,0.0,230.71062,15.08524,0.0,271.273,18.753626,0.0,285.0184,20.592066,0.0,282.72437,22.981564,0.0,291.5015,29.279736,0.0,294.86368,25.632822,0.0,290.72565,21.781033,0.0,292.751,21.781033,0.0,300.37906,14.560791,0.0,327.72437,10.725427,0.0,244.98314,1.2958934,0.0,270.0,7.8826113,0.0,80.53775
2024-08-23 14:00:00,19.1815,1020.0,4.8127217,0.0,226.63654,5.272038,0.0,226.54811,9.218015,0.0,237.0306,14.916618,0.0,253.93994,15.130369,0.0,256.17133,12.761731,0.0,236.0035,15.012317,0.0,232.3057,16.760592,0.0,268.85425,20.036644,0.0,284.03625,21.105564,0.0,287.87878,22.314215,0.0,295.82092,26.087399,0.0,284.38144,22.963287,0.0,286.38962,21.105564,0.0,287.87878,23.226877,0.0,300.1413,13.866665,0.0,322.59457,13.9872465,0.0,256.60748,2.0489872,0.0,161.56496,8.448192,0.0,85.60138
2024-08-23 15:00:00,22.0315,1019.5,6.470389,0.0,212.73521,6.8161,0.0,214.15974,11.036313,0.0,217.30403,13.361966,0.0,225.65846,16.319466,0.0,233.44743,17.13933,0.0,230.82635,18.683163,0.0,232.63326,17.09567,0.0,271.1233,21.795565,0.0,287.7005,20.7039,0.0,290.13638,21.460636,0.0,298.88647,22.752064,0.0,289.9832,21.732792,0.0,280.30478,24.3993,0.0,280.71307,21.781033,0.0,300.37906,13.294755,0.0,316.9749,14.916852,0.0,267.5105,2.8977058,0.0,116.56499,7.156805,0.0,84.805664
2024-08-23 16:00:00,23.9315,1019.0,7.5485096,0.0,214.50858,7.82229,0.0,214.50858,13.126413,0.0,217.23491,13.906869,0.0,218.65984,14.735216,0.0,221.26851,18.714796,0.0,230.86961,19.546839,0.0,237.40742,17.09567,0.0,268.8767,20.036644,0.0,284.03625,18.246344,0.0,286.50443,20.335619,0.0,292.47946,22.492243,0.0,281.6336,25.934061,0.0,282.99463,26.636835,0.0,288.43503,23.226877,0.0,300.1413,12.44665,0.0,308.65982,12.3790045,0.0,276.0089,2.8977058,0.0,153.43501,7.77536,0.0,90.0
2024-08-23 17:00:00,24.6815,1018.6,7.741268,0.0,218.8845,8.022039,0.0,218.8845,13.6485405,0.0,220.0302,14.916618,0.0,222.04915,15.510522,0.0,223.22856,17.330778,0.0,231.34016,20.168983,0.0,242.06294,18.48165,0.0,265.84042,19.757084,0.0,280.30478,19.330107,0.0,283.57043,20.28394,0.0,296.56497,25.011076,0.0,286.55716,25.303127,0.0,283.32455,25.303127,0.0,283.32455,22.631804,0.0,293.6294,12.052505,0.0,306.25394,12.730133,0.0,284.7436,5.223913,0.0,150.2552,10.387376,0.0,93.57626
2024-08-23 18:00:00,25.4315,1018.4,8.412584,0.0,220.31403,8.588754,0.0,219.2894,14.933976,0.0,223.29868,16.126177,0.0,224.4544,16.944557,0.0,226.08084,17.454353,0.0,229.574,18.85404,0.0,240.86581,18.626938,0.0,261.72418,17.319876,0.0,275.85593,17.626055,0.0,287.1028,20.335619,0.0,300.65057,26.383446,0.0,294.67685,27.680294,0.0,290.55612,27.313854,0.0,292.30624,23.762953,0.0,295.8663,11.681025,0.0,303.6901,9.890476,0.0,301.60745,6.4794664,0.0,180.0,9.163349,0.0,98.13002
2024-08-23 19:00:00,24.9315,1017.9,8.81398,0.0,221.42357,8.84936,0.0,221.30852,15.07519,0.0,224.9999,16.746088,0.0,226.57649,17.287811,0.0,228.17992,17.71772,0.0,232.3343,17.918472,0.0,239.18437,21.378456,0.0,260.98074,17.28039,0.0,265.60138,17.289373,0.0,282.99463,19.780952,0.0,301.60745,32.70687,0.0,303.6901,38.671074,0.0,301.29297,26.23984,0.0,302.90524,22.37997,0.0,292.1095,11.072118,0.0,290.55612,9.63242,0.0,317.72638,4.5356264,0.0,180.0,9.63242,0.0,109.653915
2024-08-25 12:00:00,14.5815,1022.5,2.0294285,0.0,163.30067,4.2683144,0.0,199.29015,5.3574767,0.0,249.44386,4.6884623,0.0,256.60748,4.124622,0.0,260.53775,4.401578,0.0,296.56497,6.53547,0.0,321.70978,11.375193,0.0,315.0001,21.687843,0.0,326.6336,30.584183,0.0,323.61554,29.953085,0.0,321.1466,52.83448,0.0,336.89365,61.776203,0.0,335.85446,65.8264,0.0,339.24585,48.14466,0.0,331.0204,22.53886,0.0,341.56494,15.884608,0.0,348.23172,7.5840216,0.0,19.983198,7.5840216,0.0,70.01681
2024-08-25 14:00:00,20.3315,1022.7,2.7074556,0.0,201.03758,3.2542694,0.0,201.80147,6.398047,0.0,218.36752,6.038474,0.0,232.3057,4.8897305,0.0,236.3099,4.7775373,0.0,258.11136,5.3179455,0.0,293.9625,11.633919,0.0,311.49637,19.56849,0.0,331.69934,28.131634,0.0,331.07367,33.91678,0.0,316.5481,49.282295,0.0,335.11966,58.279194,0.0,331.4405,62.31752,0.0,332.1028,51.57997,0.0,333.11313,19.823357,0.0,348.6901,15.577695,0.0,343.0724,4.9346147,0.0,23.198618,8.448192,0.0,57.528828
2024-08-25 15:00:00,22.3315,1022.5,2.9671428,0.0,238.39255,3.5236597,0.0,239.03632,5.2753024,0.0,236.3099,6.8164077,0.0,239.34941,7.379733,0.0,242.6502,6.6934385,0.0,252.89719,6.1564403,0.0,285.25516,11.14073,0.0,313.7812,17.387356,0.0,332.78397,26.119566,0.0,330.25522,35.784027,0.0,317.93573,45.894573,0.0,329.4525,57.144344,0.0,330.81927,65.3431,0.0,337.249,53.356354,0.0,335.61365,17.044815,0.0,351.2539,14.618343,0.0,347.19574,6.6077857,0.0,11.3098955,6.479467,0.0,53.13002
2024-08-25 16:00:00,24.481499,1022.7,2.3487508,0.0,204.44394,2.7025235,0.0,206.56499,4.1488304,0.0,220.91429,4.7633224,0.0,226.8476,6.0184574,0.0,235.71307,6.946444,0.0,247.06787,5.4063005,0.0,272.86234,10.193031,0.0,313.66785,15.316519,0.0,326.76828,23.558899,0.0,328.4958,36.337044,0.0,320.0637,42.50846,0.0,322.43134,56.831238,0.0,331.38962,64.012405,0.0,338.6293,47.649418,0.0,337.6198,15.577695,0.0,343.0724,12.580849,0.0,348.11136,8.195949,0.0,18.435053,5.4980097,0.0,44.999897
2024-08-25 17:00:00,25.6315,1022.3,3.3045282,0.0,208.07239,3.874664,0.0,207.89719,5.2753024,0.0,213.6901,5.562748,0.0,218.65982,6.073383,0.0,224.9999,6.287674,0.0,239.42085,5.426486,0.0,264.2895,9.788295,0.0,308.0471,15.33562,0.0,318.50363,23.585615,0.0,322.81522,34.874943,0.0,324.8335,40.303116,0.0,323.49847,61.339714,0.0,328.8287,59.016525,0.0,340.76923,44.9378,0.0,335.2826,17.968111,0.0,334.35904,8.644687,0.0,12.99463,7.3877287,0.0,37.875042,8.247014,0.0,44.999897
2024-08-25 18:00:00,27.3815,1021.5,3.31024,0.0,220.23628,3.7142632,0.0,220.60121,5.3206553,0.0,224.9999,5.562748,0.0,231.34018,5.8330965,0.0,234.46223,5.6163254,0.0,241.1893,5.24202,0.0,258.11136,9.390038,0.0,304.82455,15.934794,0.0,316.1232,23.585615,0.0,322.81522,34.34117,0.0,328.10925,40.979748,0.0,325.30478,60.03218,0.0,327.3391,56.79799,0.0,332.8504,43.489723,0.0,331.52588,18.89073,0.0,337.8336,10.783982,0.0,32.73523,7.244264,0.0,26.564985,8.297766,0.0,51.34017
2024-08-25 19:00:00,28.1815,1020.7,2.889726,0.0,222.27362,3.1335807,0.0,224.9999,4.1803017,0.0,233.13002,4.6985126,0.0,236.3099,5.1591825,0.0,241.1893,5.300202,0.0,248.19853,5.771466,0.0,259.21576,10.645795,0.0,298.1785,17.808794,0.0,313.995,23.982782,0.0,321.5819,33.792767,0.0,327.52884,43.850243,0.0,325.84024,57.69637,0.0,327.38077,52.563614,0.0,329.64197,44.633133,0.0,332.31903,19.056683,0.0,342.18103,11.681025,0.0,33.6901,2.5917869,0.0,360.0,8.813027,0.0,53.972538
2024-08-26 11:00:00,14.9315,1019.2,3.8190398,0.0,165.2564,4.8386154,0.0,182.3859,16.618998,0.0,219.89778,16.30508,0.0,221.76021,15.888008,0.0,219.80553,14.467154,0.0,221.55252,11.630999,0.0,248.19853,10.523761,0.0,322.76508,21.902758,0.0,311.72943,22.908375,0.0,315.0001,30.065002,0.0,322.88306,27.497684,0.0,325.56094,18.349594,0.0,317.86246,37.452213,0.0,322.73352,41.736015,0.0,332.24155,14.488528,0.0,333.43503,9.911678,0.0,348.6901,9.63242,0.0,340.3461,7.8291693,0.0,24.443953
2024-08-26 12:00:00,17.3315,1018.4,3.7137012,0.0,173.99109,4.6329865,0.0,180.0,17.865595,0.0,208.66386,16.512064,0.0,215.36255,15.1455555,0.0,217.72505,12.950106,0.0,231.17017,10.805859,0.0,257.00537,10.523761,0.0,307.23492,21.11791,0.0,307.34943,24.741045,0.0,315.0001,34.212563,0.0,322.69598,32.917988,0.0,323.8067,22.678135,0.0,306.86996,39.016937,0.0,324.46225,43.89331,0.0,328.89127,11.947547,0.0,319.39877,9.094364,0.0,355.91446,11.072118,0.0,339.44388,8.297766,0.0,38.659843
2024-08-26 13:00:00,19.6315,1018.4,5.1134443,0.0,188.74608,5.729378,0.0,190.1246,17.976511,0.0,203.28609,18.77647,0.0,209.827,15.815494,0.0,210.96368,11.958408,0.0,233.3658,9.587062,0.0,260.2725,11.394924,0.0,298.0724,20.955551,0.0,304.69522,25.203377,0.0,316.04153,34.730183,0.0,323.34378,35.406593,0.0,325.4374,27.035765,0.0,314.02905,42.78411,0.0,324.86572,45.568665,0.0,330.15417,12.861375,0.0,310.91428,9.094364,0.0,4.085537,12.3790045,0.0,6.0089183,7.3306804,0.0,44.999897
2024-08-26 14:00:00,22.2815,1018.2,6.17762,0.0,192.72435,6.6442757,0.0,194.03627,14.018042,0.0,200.05618,17.778997,0.0,205.31285,16.400658,0.0,209.74478,11.813236,0.0,234.3235,9.545156,0.0,261.87,13.691804,0.0,291.54105,20.838806,0.0,302.00534,25.203377,0.0,313.95847,33.191063,0.0,321.34015,35.424377,0.0,320.1945,29.81259,0.0,317.64258,47.829704,0.0,324.372,48.461906,0.0,330.35022,12.3790045,0.0,312.8789,8.448192,0.0,32.471172,11.034134,0.0,3.3664,3.6653402,0.0,44.999897
2024-08-26 15:00:00,24.6315,1017.8,6.53431,0.0,202.751,6.771306,0.0,202.751,11.609278,0.0,203.33406,15.167494,0.0,209.1342,16.42556,0.0,214.34616,12.625799,0.0,236.92932,10.431767,0.0,259.56256,15.60854,0.0,284.93146,20.384293,0.0,299.8988,23.371033,0.0,313.87677,30.294538,0.0,318.46832,33.449364,0.0,315.78473,31.209246,0.0,318.36655,51.20419,0.0,321.67984,48.227432,0.0,329.30035,12.861375,0.0,310.91428,5.4980097,0.0,44.999897,10.058838,0.0,14.931467,3.2397335,0.0,53.13002
2024-08-26 16:00:00,26.481499,1017.3,7.376354,0.0,198.43504,7.453066,0.0,198.92474,12.500779,0.0,200.55612,13.432385,0.0,202.8337,14.5783615,0.0,209.7448,13.105785,0.0,230.3322,11.131469,0.0,255.96373,17.301395,0.0,278.91486,19.781763,0.0,299.42737,22.492243,0.0,311.49637,28.406384,0.0,315.0001,33.000786,0.0,313.4089,33.449364,0.0,314.21527,54.75437,0.0,320.28128,46.553066,0.0,325.2039,11.681025,0.0,303.6901,2.336205,0.0,56.3099,10.725427,0.0,25.016869,4.148883,0.0,38.659843
2024-08-26 17:00:00,28.1815,1016.8,7.590938,0.0,193.32454,7.4285264,0.0,192.5288,12.162451,0.0,199.0578,13.033137,0.0,203.57472,13.243383,0.0,207.43964,13.227639,0.0,226.50737,12.769122,0.0,256.55136,18.347458,0.0,279.46225,18.872927,0.0,302.57404,20.744415,0.0,308.65982,26.21583,0.0,309.98682,35.63707,0.0,306.86996,37.452213,0.0,307.26648,55.591408,0.0,319.2539,43.64391,0.0,319.21426,8.813027,0.0,306.02747,1.8326701,0.0,44.999897,10.058838,0.0,14.931467,3.2397335,0.0,36.86999
2024-08-26 18:00:00,29.0315,1016.0,8.175691,0.0,198.00426,8.027097,0.0,197.52565,12.818266,0.0,204.05734,13.696678,0.0,207.37761,13.878186,0.0,210.32353,13.798878,0.0,219.93633,14.611261,0.0,253.9091,18.076084,0.0,280.68484,17.28039,0.0,302.47116,20.489874,0.0,304.69522,25.698254,0.0,303.6901,35.23424,0.0,302.22873,37.569733,0.0,302.31958,53.60755,0.0,314.51038,42.61204,0.0,314.38403,9.34482,0.0,303.6901,2.336205,0.0,326.3099,9.163349,0.0,44.999897,0.6479467,0.0,180.0
2024-08-26 19:00:00,29.8315,1015.5,7.1948347,0.0,218.41809,7.1728683,0.0,218.15727,11.8329115,0.0,215.65541,12.598824,0.0,215.88223,13.245313,0.0,216.67444,13.425264,0.0,221.2846,14.87085,0.0,254.19742,16.696806,0.0,280.40765,14.705429,0.0,302.7352,21.025845,0.0,303.6901,27.136515,0.0,303.31064,34.892994,0.0,301.32864,39.016937,0.0,305.53775,56.166176,0.0,309.3824,39.26899,0.0,307.6263,11.315902,0.0,293.6294,2.336205,0.0,303.6901,7.3877287,0.0,52.124958,4.148883,0.0,231.34016
2024-08-27 13:00:00,21.8815,1011.1,2.960769,0.0,66.801384,2.9945347,0.0,70.346085,3.887905,0.0,53.74608,2.002382,0.0,347.4712,2.4965596,0.0,264.80566,8.194061,0.0,221.34767,12.981411,0.0,224.9999,21.577185,0.0,226.88817,28.908875,0.0,231.20343,33.44309,0.0,234.46223,32.012764,0.0,234.0578,25.278225,0.0,268.53122,38.25081,0.0,268.05856,58.37277,0.0,267.45526,35.731194,0.0,274.15958,24.043974,0.0,284.03625,5.9737735,0.0,310.60123,4.0979743,0.0,71.564964,3.4892995,0.0,68.19853
2024-08-27 15:00:00,21.6815,1012.8,3.3555882,0.0,280.0079,3.2791111,0.0,280.6196,4.9682317,0.0,284.6209,7.785545,0.0,292.98874,9.444613,0.0,291.03757,10.337269,0.0,271.3639,14.093253,0.0,253.30067,20.822178,0.0,236.82147,27.394033,0.0,217.794,33.47446,0.0,227.35333,33.44309,0.0,234.46223,30.803034,0.0,247.75093,31.907673,0.0,257.0926,44.179317,0.0,265.7947,43.354362,0.0,260.53775,16.80919,0.0,297.5527,8.693117,0.0,296.56497,4.5816746,0.0,261.87,9.024853,0.0,68.96242
2024-08-28 11:00:00,8.231501,1021.3,5.921538,0.0,23.198618,7.670386,0.0,23.198618,15.143139,0.0,26.211319,19.073086,0.0,30.068504,22.387033,0.0,35.134277,20.290272,0.0,39.09386,11.485961,0.0,29.577742,6.7112703,0.0,2.8623457,9.371607,0.0,278.13,31.650055,0.0,247.1094,32.50084,0.0,246.50142,58.476963,0.0,248.5522,72.67409,0.0,248.00882,90.99211,0.0,242.88763,66.81709,0.0,250.15921,23.12725,0.0,258.6901,5.1835737,0.0,270.0,10.547809,0.0,259.3804,5.536059,0.0,110.55613
2024-08-28 12:00:00,8.231501,1021.9,6.174561,0.0,28.178495,7.927914,0.0,27.21604,14.23299,0.0,29.953526,17.349295,0.0,34.286938,20.865692,0.0,39.726063,19.02919,0.0,40.2798,12.29511,0.0,19.23077,11.439195,0.0,354.95764,5.8941045,0.0,282.99463,34.542305,0.0,246.80139,36.51569,0.0,242.52565,56.91982,0.0,247.22958,75.9232,0.0,248.47092,92.7379,0.0,244.33017,60.882854,0.0,253.30067,24.3993,0.0,259.28693,5.83152,0.0,270.0,9.740774,0.0,273.814,5.867407,0.0,96.340096
2024-08-28 16:00:00,11.3815,1023.8,7.304288,0.0,25.201094,9.37048,0.0,25.463305,12.432444,0.0,26.995766,12.9314,0.0,29.147985,13.925961,0.0,35.75398,17.53913,0.0,55.86401,12.961745,0.0,54.3235,5.7073107,0.0,49.76372,6.0088825,0.0,287.1028,16.21162,0.0,267.70944,35.371006,0.0,241.55716,64.456856,0.0,239.82657,86.943245,0.0,242.4802,86.91185,0.0,249.94382,52.64741,0.0,256.4768,25.925966,0.0,271.43207,4.67241,0.0,213.6901,5.223913,0.0,262.8751,7.8291693,0.0,114.44395
2024-08-28 17:00:00,13.1315,1023.5,7.3068733,0.0,28.610369,9.019665,0.0,29.427368,11.768125,0.0,33.407852,12.295649,0.0,35.655422,12.5318165,0.0,39.143982,16.458166,0.0,58.448677,12.3128805,0.0,52.124958,5.104774,0.0,23.198618,3.1238692,0.0,261.87,12.310987,0.0,270.0,31.316677,0.0,245.55606,63.01094,0.0,239.74364,83.77577,0.0,241.8494,81.98511,0.0,250.13286,50.46086,0.0,257.3914,24.656054,0.0,273.01273,6.479467,0.0,216.86998,7.244264,0.0,259.69522,7.9091973,0.0,124.992096
2024-08-28 18:00:00,14.6315,1023.4,6.7811885,0.0,27.29949,8.4722185,0.0,28.392921,11.0778,0.0,31.890757,11.566196,0.0,34.286938,11.617922,0.0,37.092915,15.199791,0.0,60.94549,12.559046,0.0,64.5367,6.998029,0.0,16.699326,3.185734,0.0,236.3099,11.034134,0.0,266.6336,26.848772,0.0,261.67444,58.620377,0.0,246.55193,78.562035,0.0,245.12587,76.84385,0.0,250.80106,48.875977,0.0,255.41104,22.068268,0.0,273.3664,9.024853,0.0,248.96242,9.094364,0.0,274.08554,8.118749,0.0,151.38963
2024-08-28 19:00:00,15.481501,1023.0,6.9599247,0.0,35.909817,8.383148,0.0,35.217674,11.541343,0.0,35.417145,12.119837,0.0,36.253937,12.251463,0.0,37.504215,15.199791,0.0,60.94549,12.834597,0.0,67.75093,6.998029,0.0,16.699326,4.073027,0.0,257.4712,11.034134,0.0,266.6336,23.33508,0.0,271.5911,52.51167,0.0,254.24875,77.05936,0.0,250.34608,73.79199,0.0,253.1561,49.689526,0.0,257.95743,20.128107,0.0,273.6913,11.072118,0.0,249.44386,9.094364,0.0,274.08554,6.978599,0.0,158.19853
2024-08-29 11:00:00,1.0814999,1026.2,1.4151368,0.0,74.054535,8.179815,0.0,99.926186,14.769249,0.0,116.9276,11.687906,0.0,131.98714,8.016824,0.0,139.574,4.752125,0.0,111.25058,5.6695333,0.0,90.0,3.41782,0.0,101.3099,6.914979,0.0,63.435013,8.813027,0.0,36.027473,10.244937,0.0,18.435053,16.95839,0.0,316.5481,22.454882,0.0,316.16904,33.323616,0.0,296.56497,36.75063,0.0,279.1301,19.876232,0.0,289.0257,11.947547,0.0,310.60123,5.573848,0.0,324.46225,9.7192,0.0,180.0
2024-08-29 12:00:00,4.2815,1026.2,1.4803845,0.0,113.19862,6.4364457,0.0,110.13639,12.872681,0.0,122.39982,9.676487,0.0,135.90929,6.4249196,0.0,140.71062,5.1377935,0.0,106.699326,6.232921,0.0,94.96966,4.9822865,0.0,109.653915,8.253165,0.0,74.47583,9.63242,0.0,47.72637,11.334437,0.0,30.963696,14.21058,0.0,335.77228,19.449196,0.0,330.01843,30.734808,0.0,304.69522,37.49703,0.0,279.95056,19.49232,0.0,291.4478,12.82869,0.0,315.0001,5.343106,0.0,345.9637,6.6077857,0.0,168.69011
2024-08-29 13:00:00,8.6315,1026.0,3.5043075,0.0,109.440125,5.799766,0.0,110.32322,13.219274,0.0,124.69522,9.848021,0.0,138.57643,6.554809,0.0,136.39711,7.3157616,0.0,109.653915,7.7920284,0.0,104.03627,5.697462,0.0,118.072395,8.146054,0.0,77.4712,10.079684,0.0,44.999897,11.315902,0.0,23.629398,14.342911,0.0,341.56494,19.133636,0.0,331.69934,33.82381,0.0,306.43094,38.360413,0.0,285.6796,19.49232,0.0,291.4478,12.3790045,0.0,312.8789,3.88768,0.0,360.0,5.1835737,0.0,180.0
2024-08-29 14:00:00,12.0815,1025.9,4.875126,0.0,113.49858,6.586005,0.0,113.42871,10.65977,0.0,118.072395,9.519215,0.0,124.7779,6.570379,0.0,116.56499,9.02726,0.0,107.44727,9.183214,0.0,114.30454,6.0419097,0.0,123.690094,8.679635,0.0,75.25639,10.12125,0.0,39.805527,10.547809,0.0,10.61961,15.577695,0.0,343.0724,21.22458,0.0,328.73633,36.756344,0.0,310.71075,37.435394,0.0,293.45905,16.391897,0.0,288.43503,10.627115,0.0,322.43134,3.2397335,0.0,323.13,3.4892995,0.0,201.80147
2024-08-29 15:00:00,14.3315,1025.5,4.9786596,0.0,128.65984,6.7322435,0.0,128.92755,8.781121,0.0,128.23387,9.773497,0.0,126.86999,8.65129,0.0,123.27491,10.381102,0.0,121.42951,10.205731,0.0,127.47626,6.437922,0.0,128.65982,9.9670515,0.0,77.19574,10.547808,0.0,42.510403,11.185293,0.0,10.007925,17.044815,0.0,351.2539,23.824709,0.0,337.6198,34.365616,0.0,314.23618,37.39051,0.0,297.8972,17.044815,0.0,278.74606,9.001563,0.0,329.74365,4.5816746,0.0,351.87,2.7490048,0.0,135.0001
2024-08-29 16:00:00,16.3815,1025.5,4.7015214,0.0,119.74479,6.257443,0.0,123.17852,7.945322,0.0,125.36255,8.514799,0.0,127.74687,9.291918,0.0,131.05472,11.483185,0.0,135.0001,10.515279,0.0,138.12222,7.1252766,0.0,138.81416,9.729236,0.0,87.3975,9.63242,0.0,47.72637,11.315902,0.0,13.240531,19.610424,0.0,352.40543,26.022947,0.0,341.1138,37.748104,0.0,320.57224,34.34117,0.0,301.89075,18.246344,0.0,276.11542,7.3877287,0.0,322.12497,4.5816746,0.0,315.0001,5.573848,0.0,125.537766
2024-08-29 17:00:00,18.1315,1024.8,4.5545626,0.0,129.80553,5.704537,0.0,132.13753,7.395708,0.0,132.70937,7.684924,0.0,132.70937,7.9912934,0.0,135.0001,11.072507,0.0,143.13002,9.959949,0.0,147.17146,6.786165,0.0,147.09476,9.010616,0.0,101.3099,7.008615,0.0,56.3099,9.094364,0.0,4.085537,21.538746,0.0,344.2913,35.936222,0.0,334.35904,48.009304,0.0,328.24057,33.3551,0.0,299.0545,17.54249,0.0,274.23633,7.5562916,0.0,329.03632,3.2397335,0.0,306.86996,7.8023114,0.0,131.63345
2024-08-29 18:00:00,19.5815,1024.5,4.432637,0.0,127.875046,5.4424524,0.0,128.991,7.2555633,0.0,131.49637,7.684924,0.0,132.70937,7.9912934,0.0,135.0001,10.100279,0.0,145.92276,8.941931,0.0,151.11351,6.3234997,0.0,147.99464,8.12206,0.0,112.38018,4.67241,0.0,56.3099,7.8826113,0.0,350.53775,19.144604,0.0,336.0375,45.568665,0.0,330.15417,57.00826,0.0,328.47787,36.52144,0.0,295.20108,18.326698,0.0,278.13,7.244264,0.0,333.43503,2.671553,0.0,284.03625,7.3877287,0.0,142.12495
2024-08-29 19:00:00,20.7815,1023.6,5.950183,0.0,128.36752,7.5826,0.0,129.61066,9.458942,0.0,135.0001,9.526645,0.0,136.8476,9.463527,0.0,139.84407,10.896129,0.0,154.59233,10.16279,0.0,163.0091,7.21924,0.0,158.19853,7.3527145,0.0,122.73522,3.6653402,0.0,44.999897,9.024853,0.0,338.9624,22.295391,0.0,324.46225,52.239132,0.0,330.25522,58.451828,0.0,328.6006,37.670174,0.0,296.56497,18.89073,0.0,275.90604,6.671019,0.0,330.9455,2.336205,0.0,213.6901,5.536059,0.0,159.44388
2024-08-30 11:00:00,12.281501,1015.7,7.510873,0.0,169.56258,7.585275,0.0,169.28693,28.01114,0.0,180.85507,35.359783,0.0,192.41428,33.5444,0.0,200.51094,25.066301,0.0,211.34952,22.737513,0.0,222.594,20.684166,0.0,229.60017,27.888298,0.0,229.49724,33.47446,0.0,227.35333,33.59964,0.0,230.4774,28.109238,0.0,244.02565,33.805187,0.0,257.82855,49.39717,0.0,265.48608,19.330107,0.0,256.42953,21.095617,0.0,259.3804,4.5356264,0.0,270.0,5.7954116,0.0,296.56497,7.3877287,0.0,37.875042
2024-08-30 12:00:00,13.8815,1014.4,8.50194,0.0,169.46088,8.414551,0.0,168.9591,26.336731,0.0,180.45471,34.771923,0.0,192.99461,33.330494,0.0,202.73946,24.6068,0.0,220.53906,22.054062,0.0,230.46387,21.884727,0.0,229.9698,30.71575,0.0,229.66693,37.137012,0.0,222.87889,35.74881,0.0,226.46873,30.01609,0.0,237.3391,32.847767,0.0,247.98866,49.056023,0.0,257.79956,21.781033,0.0,239.62096,20.459114,0.0,259.046,5.867407,0.0,263.6599,7.008615,0.0,303.6901,6.978599,0.0,68.19853
2024-08-30 13:00:00,16.731499,1013.7,10.199141,0.0,172.33328,10.169934,0.0,172.03047,23.827719,0.0,180.0,33.743343,0.0,190.00792,35.23789,0.0,198.31882,25.055431,0.0,218.22047,22.578278,0.0,228.87862,25.543665,0.0,231.92717,34.788742,0.0,229.63554,40.578228,0.0,218.51695,40.073288,0.0,230.90614,35.942062,0.0,236.0234,36.308147,0.0,235.17543,46.453754,0.0,247.01126,26.151693,0.0,228.01286,19.188414,0.0,258.31067,6.6077857,0.0,258.6901,9.277185,0.0,335.22488,5.223913,0.0,97.12492
2024-08-30 14:00:00,18.5815,1013.3,11.301052,0.0,176.05489,11.309055,0.0,175.91446,23.201614,0.0,180.51616,32.385174,0.0,189.65176,37.324043,0.0,196.89873,29.760536,0.0,212.5075,26.618494,0.0,220.47514,30.105259,0.0,226.35312,38.116325,0.0,224.0609,46.65666,0.0,217.66568,42.671116,0.0,228.07755,39.545986,0.0,235.0079,41.087173,0.0,232.04572,47.89987,0.0,239.9668,33.91678,0.0,226.54811,18.326698,0.0,261.87,7.156805,0.0,275.19434,9.34482,0.0,326.3099,5.060625,0.0,129.80553
2024-08-30 15:00:00,20.0315,1011.9,10.331652,0.0,175.68405,10.505524,0.0,175.60138,22.155598,0.0,180.0,26.78564,0.0,184.18483,34.42754,0.0,193.67133,34.82275,0.0,209.64435,33.153446,0.0,217.05661,35.597996,0.0,221.94704,42.20115,0.0,222.87889,47.30011,0.0,221.11198,48.60032,0.0,227.16109,44.463497,0.0,226.77144,44.839596,0.0,232.63326,50.160446,0.0,241.4487,40.800064,0.0,226.93057,19.960545,0.0,256.86597,6.4794664,0.0,270.0,8.644687,0.0,347.00537,1.8326701,0.0,135.0001
2024-08-30 16:00:00,20.0315,1011.1,12.901299,0.0,173.9459,12.968671,0.0,173.75818,26.349167,0.0,178.18173,30.64287,0.0,182.03087,37.05893,0.0,190.89868,41.60015,0.0,207.47435,41.207664,0.0,215.66869,44.593155,0.0,222.56331,47.179733,0.0,226.13809,49.077415,0.0,227.67548,50.431732,0.0,227.08257,47.684647,0.0,227.20262,49.043186,0.0,226.60596,57.331383,0.0,235.59148,45.360897,0.0,225.57864,22.001583,0.0,256.373,5.83152,0.0,270.0,4.9346147,0.0,336.8014,2.0489872,0.0,161.56496
2024-08-30 17:00:00,19.231499,1011.5,12.454237,0.0,177.31628,12.302338,0.0,177.18451,28.445253,0.0,182.10547,36.48061,0.0,186.15175,43.641533,0.0,193.17256,47.684044,0.0,211.06511,47.01801,0.0,222.20723,48.428135,0.0,228.36655,48.144085,0.0,227.23119,48.64349,0.0,221.76021,51.388336,0.0,221.93343,52.691254,0.0,224.50185,56.87924,0.0,222.22972,63.502083,0.0,233.71463,49.94236,0.0,225.52557,20.915733,0.0,253.81071,4.3465586,0.0,243.43501,2.671553,0.0,345.9637,0.6479467,0.0,90.0
2024-08-30 18:00:00,19.5315,1010.0,11.217153,0.0,171.02745,11.226231,0.0,170.70677,26.37651,0.0,176.82024,34.34949,0.0,182.53671,40.119156,0.0,187.44524,47.345745,0.0,204.56715,46.531044,0.0,220.5291,46.689896,0.0,230.82635,46.159332,0.0,230.82635,47.211266,0.0,226.66829,49.69375,0.0,219.70988,56.01648,0.0,221.24817,61.503757,0.0,221.58331,67.61348,0.0,230.05388,54.063763,0.0,224.9999,20.985872,0.0,261.11942,6.479467,0.0,233.13002,5.223913,0.0,299.74478,1.8326701,0.0,44.999897
